-0.23895,-0.96439,-2.0523,-3.49,-5.1866,-7.1898,-9.4418,-11.814,-14.25,-16.675,-19.148,-21.871,-24.687,-27.475,-30.781,-34.046,-37.858,-41.718,-46.222,-51.276,-56.22,-61.2,-66.261,-71.249,-76.144,-81.191,-86.222,-91.406,-96.766,-102.25,-107.66,-112.99,-118.17,-123.3,-127.65,-131.38,-134.8,-138.03,-141.41,-144.45,-147.71,-151.55,-156.14,-160.45,-164.9,-169.29,-173.61,-178.3,-183.15
-0.23895,-0.96439,-2.0523,-3.49,-5.1866,-7.1898,-9.4418,-11.814,-14.25,-16.675,-19.148,-21.871,-24.687,-27.475,-30.781,-34.046,-37.858,-41.718,-46.222,-51.276,-56.22,-61.2,-66.261,-71.249,-76.144,-81.191,-86.222,-91.406,-96.766,-102.25,-107.66,-112.99,-118.17,-123.3,-127.65,-131.38,-134.8,-138.03,-141.41,-144.45,-147.71,-151.55,-156.14,-160.45,-164.9,-169.29,-173.61,-178.3,-183.15
-0.23895,-0.96439,-2.0523,-3.49,-5.1866,-7.1898,-9.4418,-11.814,-14.25,-16.675,-19.148,-21.871,-24.687,-27.475,-30.781,-34.046,-37.858,-41.718,-46.222,-51.276,-56.22,-61.2,-66.261,-71.249,-76.144,-81.191,-86.222,-91.406,-96.766,-102.25,-107.66,-112.99,-118.17,-123.3,-127.65,-131.38,-134.8,-138.03,-141.41,-144.45,-147.71,-151.55,-156.14,-160.45,-164.9,-169.29,-173.61,-178.3,-183.15
-0.23895,-0.96439,-2.0523,-3.49,-5.1866,-7.1898,-9.4418,-11.814,-14.25,-16.675,-19.148,-21.871,-24.687,-27.475,-30.781,-34.046,-37.858,-41.718,-46.222,-51.276,-56.22,-61.2,-66.261,-71.249,-76.144,-81.191,-86.222,-91.406,-96.766,-102.25,-107.66,-112.99,-118.17,-123.3,-127.65,-131.38,-134.8,-138.03,-141.41,-144.45,-147.71,-151.55,-156.14,-160.45,-164.9,-169.29,-173.61,-178.3,-183.15
-0.23895,-0.96439,-2.0523,-3.49,-5.1866,-7.1898,-9.4418,-11.814,-14.25,-16.675,-19.148,-21.871,-24.687,-27.475,-30.781,-34.046,-37.858,-41.718,-46.222,-51.276,-56.22,-61.2,-66.261,-71.249,-76.144,-81.191,-86.222,-91.406,-96.766,-102.25,-107.66,-112.99,-118.17,-123.3,-127.65,-131.38,-134.8,-138.03,-141.41,-144.45,-147.71,-151.55,-156.14,-160.45,-164.9,-169.29,-173.61,-178.3,-183.15
-0.23895,-0.96439,-2.0523,-3.49,-5.1866,-7.1898,-9.4418,-11.814,-14.25,-16.675,-19.148,-21.871,-24.687,-27.475,-30.781,-34.046,-37.858,-41.718,-46.222,-51.276,-56.22,-61.2,-66.261,-71.249,-76.144,-81.191,-86.222,-91.406,-96.766,-102.25,-107.66,-112.99,-118.17,-123.3,-127.65,-131.38,-134.8,-138.03,-141.41,-144.45,-147.71,-151.55,-156.14,-160.45,-164.9,-169.29,-173.61,-178.3,-183.15
-0.23895,-0.96439,-2.0523,-3.49,-5.1866,-7.1898,-9.4418,-11.814,-14.25,-16.675,-19.148,-21.871,-24.687,-27.475,-30.781,-34.046,-37.858,-41.718,-46.222,-51.276,-56.22,-61.2,-66.261,-71.249,-76.144,-81.191,-86.222,-91.406,-96.766,-102.25,-107.66,-112.99,-118.17,-123.3,-127.65,-131.38,-134.8,-138.03,-141.41,-144.45,-147.71,-151.55,-156.14,-160.45,-164.9,-169.29,-173.61,-178.3,-183.15
-0.23895,-0.96439,-2.0523,-3.49,-5.1866,-7.1898,-9.4418,-11.814,-14.25,-16.675,-19.148,-21.871,-24.687,-27.475,-30.781,-34.046,-37.858,-41.718,-46.222,-51.276,-56.22,-61.2,-66.261,-71.249,-76.144,-81.191,-86.222,-91.406,-96.766,-102.25,-107.66,-112.99,-118.17,-123.3,-127.65,-131.38,-134.8,-138.03,-141.41,-144.45,-147.71,-151.55,-156.14,-160.45,-164.9,-169.29,-173.61,-178.3,-183.15
-0.23895,-0.96439,-2.0523,-3.49,-5.1866,-7.1898,-9.4418,-11.814,-14.25,-16.675,-19.148,-21.871,-24.687,-27.475,-30.781,-34.046,-37.858,-41.718,-46.222,-51.276,-56.22,-61.2,-66.261,-71.249,-76.144,-81.191,-86.222,-91.406,-96.766,-102.25,-107.66,-112.99,-118.17,-123.3,-127.65,-131.38,-134.8,-138.03,-141.41,-144.45,-147.71,-151.55,-156.14,-160.45,-164.9,-169.29,-173.61,-178.3,-183.15
-0.23895,-0.96439,-2.0523,-3.49,-5.1866,-7.1898,-9.4418,-11.814,-14.25,-16.675,-19.148,-21.871,-24.687,-27.475,-30.781,-34.046,-37.858,-41.718,-46.222,-51.276,-56.22,-61.2,-66.261,-71.249,-76.144,-81.191,-86.222,-91.406,-96.766,-102.25,-107.66,-112.99,-118.17,-123.3,-127.65,-131.38,-134.8,-138.03,-141.41,-144.45,-147.71,-151.55,-156.14,-160.45,-164.9,-169.29,-173.61,-178.3,-183.15
-0.23895,-0.96439,-2.0523,-3.49,-5.1866,-7.1898,-9.4418,-11.814,-14.25,-16.675,-19.148,-21.871,-24.687,-27.475,-30.781,-34.046,-37.858,-41.718,-46.222,-51.276,-56.22,-61.2,-66.261,-71.249,-76.144,-81.191,-86.222,-91.406,-96.766,-102.25,-107.66,-112.99,-118.17,-123.3,-127.65,-131.38,-134.8,-138.03,-141.41,-144.45,-147.71,-151.55,-156.14,-160.45,-164.9,-169.29,-173.61,-178.3,-183.15
-0.23895,-0.96439,-2.0523,-3.49,-5.1866,-7.1898,-9.4418,-11.814,-14.25,-16.675,-19.148,-21.871,-24.687,-27.475,-30.781,-34.046,-37.858,-41.718,-46.222,-51.276,-56.22,-61.2,-66.261,-71.249,-76.144,-81.191,-86.222,-91.406,-96.766,-102.25,-107.66,-112.99,-118.17,-123.3,-127.65,-131.38,-134.8,-138.03,-141.41,-144.45,-147.71,-151.55,-156.14,-160.45,-164.9,-169.29,-173.61,-178.3,-183.15
-0.23895,-0.96439,-2.0523,-3.49,-5.1866,-7.1898,-9.4418,-11.814,-14.25,-16.675,-19.148,-21.871,-24.687,-27.475,-30.781,-34.046,-37.858,-41.718,-46.222,-51.276,-56.22,-61.2,-66.261,-71.249,-76.144,-81.191,-86.222,-91.406,-96.766,-102.25,-107.66,-112.99,-118.17,-123.3,-127.65,-131.38,-134.8,-138.03,-141.41,-144.45,-147.71,-151.55,-156.14,-160.45,-164.9,-169.29,-173.61,-178.3,-183.15
-0.23895,-0.96439,-2.0523,-3.49,-5.1866,-7.1898,-9.4418,-11.814,-14.25,-16.675,-19.148,-21.871,-24.687,-27.475,-30.781,-34.046,-37.858,-41.718,-46.222,-51.276,-56.22,-61.2,-66.261,-71.249,-76.144,-81.191,-86.222,-91.406,-96.766,-102.25,-107.66,-112.99,-118.17,-123.3,-127.65,-131.38,-134.8,-138.03,-141.41,-144.45,-147.71,-151.55,-156.14,-160.45,-164.9,-169.29,-173.61,-178.3,-183.15
-0.23895,-0.96439,-2.0523,-3.49,-5.1866,-7.1898,-9.4418,-11.814,-14.25,-16.675,-19.148,-21.871,-24.687,-27.475,-30.781,-34.046,-37.858,-41.718,-46.222,-51.276,-56.22,-61.2,-66.261,-71.249,-76.144,-81.191,-86.222,-91.406,-96.766,-102.25,-107.66,-112.99,-118.17,-123.3,-127.65,-131.38,-134.8,-138.03,-141.41,-144.45,-147.71,-151.55,-156.14,-160.45,-164.9,-169.29,-173.61,-178.3,-183.15
-0.23895,-0.96439,-2.0523,-3.49,-5.1866,-7.1898,-9.4418,-11.814,-14.25,-16.675,-19.148,-21.871,-24.687,-27.475,-30.781,-34.046,-37.858,-41.718,-46.222,-51.276,-56.22,-61.2,-66.261,-71.249,-76.144,-81.191,-86.222,-91.406,-96.766,-102.25,-107.66,-112.99,-118.17,-123.3,-127.65,-131.38,-134.8,-138.03,-141.41,-144.45,-147.71,-151.55,-156.14,-160.45,-164.9,-169.29,-173.61,-178.3,-183.15
-0.23895,-0.96439,-2.0523,-3.49,-5.1866,-7.1898,-9.4418,-11.814,-14.25,-16.675,-19.148,-21.871,-24.687,-27.475,-30.781,-34.046,-37.858,-41.718,-46.222,-51.276,-56.22,-61.2,-66.261,-71.249,-76.144,-81.191,-86.222,-91.406,-96.766,-102.25,-107.66,-112.99,-118.17,-123.3,-127.65,-131.38,-134.8,-138.03,-141.41,-144.45,-147.71,-151.55,-156.14,-160.45,-164.9,-169.29,-173.61,-178.3,-183.15
-0.23728,-0.95841,-2.0396,-3.4696,-5.1562,-7.1471,-9.3884,-11.75,-14.177,-16.597,-19.052,-21.761,-24.569,-27.337,-30.616,-33.867,-37.634,-41.486,-45.912,-50.937,-55.887,-60.83,-65.881,-70.858,-75.743,-80.752,-85.775,-90.92,-96.248,-101.7,-107.13,-112.41,-117.63,-122.73,-127.2,-130.95,-134.39,-137.62,-140.98,-144.05,-147.25,-150.93,-155.5,-159.85,-164.21,-168.61,-173.46,-179.34,-185.89
-0.22266,-0.90586,-1.9282,-3.2898,-4.8895,-6.7725,-8.9164,-11.187,-13.533,-15.898,-18.224,-20.793,-23.5,-26.168,-29.129,-32.337,-35.664,-39.481,-43.292,-47.961,-52.89,-57.594,-62.482,-67.358,-72.17,-76.896,-81.81,-86.67,-91.701,-96.892,-102.2,-107.44,-112.58,-117.64,-122.59,-126.98,-130.64,-134.01,-137.15,-140.4,-143.43,-146.48,-150.55,-156.57,-162.44,-168.3,-174.89,-182.32,-189.42
-0.2025,-0.83255,-1.7745,-3.0378,-4.5189,-6.2556,-8.2526,-10.391,-12.616,-14.877,-17.107,-19.432,-21.963,-24.572,-27.13,-30.14,-33.165,-36.502,-40.136,-43.878,-48.402,-53.126,-57.619,-62.296,-66.965,-71.575,-76.102,-80.765,-85.431,-90.187,-95.11,-100.15,-105.27,-110.1,-115.13,-119.77,-124.51,-128.28,-131.92,-135.72,-139.85,-144.66,-149.48,-155.48,-161.54,-168.81,-175.57,-183.37,-191.35
-0.18284,-0.75997,-1.6247,-2.7861,-4.1556,-5.7495,-7.5846,-9.589,-11.684,-13.831,-15.988,-18.107,-20.433,-22.888,-25.35,-27.867,-30.813,-33.682,-36.957,-40.406,-44.01,-48.334,-52.842,-57.136,-61.571,-66.038,-70.448,-74.791,-79.142,-83.762,-88.817,-94.08,-99.598,-105.17,-110.61,-116.23,-121.36,-126.28,-130.75,-134.95,-139.51,-144.62,-149.6,-156.44,-162.74,-170.06,-175.52,-182.84,-192.67
-0.16437,-0.69097,-1.484,-2.5444,-3.8119,-5.27,-6.9443,-8.8125,-10.777,-12.805,-14.86,-16.889,-18.966,-21.238,-23.601,-25.919,-28.393,-31.239,-34.275,-38.366,-42.824,-47.175,-51.592,-56.04,-60.471,-65.171,-69.713,-74.199,-79.053,-84.166,-89.126,-94.057,-99.416,-104.69,-109.83,-115.2,-120.75,-125.91,-130.79,-134.84,-139.07,-143.88,-150.37,-156.62,-161.54,-168.43,-175.96,-181.72,-193.69
-0.14859,-0.63136,-1.3634,-2.3347,-3.5142,-4.8561,-6.3935,-8.1301,-9.9743,-11.889,-13.844,-15.807,-17.727,-19.797,-21.972,-24.257,-27.958,-32.18,-36.431,-40.547,-44.8,-49.164,-53.355,-57.587,-62.025,-66.47,-71.25,-75.517,-80.097,-85.13,-90.011,-94.504,-100.1,-105.17,-109.74,-115.65,-121.12,-125.57,-130.66,-135.64,-139.5,-144.55,-150.48,-154.77,-162.94,-168.54,-177.56,-184.7,-194.45
-0.13635,-0.5847,-1.2692,-2.1703,-3.2792,-4.5317,-5.9653,-7.5849,-9.333,-11.154,-13.024,-14.913,-16.737,-18.764,-22.626,-26.507,-30.557,-34.745,-38.773,-42.978,-47.041,-51.259,-55.567,-59.656,-64.066,-68.387,-73.13,-77.22,-82.12,-86.396,-91.377,-96.277,-101.45,-105.96,-111.8,-116.77,-121.91,-126.78,-131.49,-136.55,-141.05,-145.61,-151.91,-156.78,-163.84,-169.42,-175.81,-183.53,-194.99
-0.12392,-0.53686,-1.1725,-2.002,-3.0355,-4.1999,-5.5265,-7.0205,-8.6646,-10.384,-12.097,-14.189,-17.256,-20.944,-24.709,-28.584,-32.67,-36.604,-40.441,-44.522,-48.678,-52.717,-57.076,-61.009,-65.247,-69.396,-73.788,-78.176,-82.712,-87.268,-91.778,-96.815,-101.53,-106.14,-111.05,-116.28,-121.78,-127.08,-131.75,-135.89,-141.42,-146.73,-151.52,-156.07,-164.42,-170.6,-178.22,-184.71,-195.5
-0.11558,-0.50454,-1.107,-1.8886,-2.8686,-3.9762,-5.2298,-6.6349,-8.1705,-10.279,-13.102,-16.579,-20.081,-23.742,-27.524,-31.379,-35.251,-39.049,-42.919,-46.82,-50.899,-55.149,-59.042,-63.276,-67.36,-71.79,-76.067,-80.659,-85.069,-89.713,-94.015,-98.237,-104.04,-109.2,-113.3,-118.84,-123.31,-129.26,-133.94,-138.16,-143.03,-149.55,-154.4,-159.84,-165.97,-173.33,-183.52,-188.72,-195.82
-0.10319,-0.45609,-1.0082,-1.7194,-2.6151,-3.6181,-4.8262,-6.6306,-9.3276,-12.465,-15.563,-18.8,-22.208,-25.631,-29.027,-32.575,-36.232,-39.979,-43.787,-47.613,-51.445,-55.635,-59.303,-63.604,-67.661,-71.539,-75.81,-80.224,-84.472,-88.922,-92.957,-97.322,-102.02,-107.21,-111.94,-117.27,-122.13,-126.21,-132.11,-136.48,-141.45,-146.87,-151.34,-156.72,-162.8,-170.16,-176.86,-186.13,-196.29
-0.095443,-0.42555,-0.94399,-1.6067,-2.52,-4.0884,-6.8294,-9.5569,-12.465,-15.441,-18.4,-21.482,-24.75,-28.088,-31.429,-34.857,-38.6,-42.182,-45.828,-49.646,-53.387,-57.013,-60.858,-65.041,-69.176,-72.972,-77.144,-81.557,-85.429,-90.198,-94.523,-98.843,-102.9,-107.87,-112.87,-118.14,-122.73,-127.17,-131.55,-136.13,-141.39,-147.46,-152.33,-158.27,-165.64,-169.64,-179.42,-183.75,-192.28
-0.059348,-0.5128,-1.5079,-3.2302,-5.2725,-7.5352,-9.9755,-12.624,-15.406,-18.238,-21.096,-24.097,-27.2,-30.367,-33.647,-37.147,-40.37,-44.031,-47.592,-51.132,-55.111,-58.534,-62.725,-66.217,-70.192,-74.312,-78.434,-82.565,-86.44,-90.648,-95.257,-99.846,-103.72,-108.44,-114,-118.76,-123.63,-128.34,-133.11,-138.09,-141.52,-148.23,-153.66,-159.74,-163.08,-172.17,-176.57,-182.99,-192.57
-2.7289,-3.7999,-5.1394,-6.7358,-8.6479,-10.816,-13.184,-15.69,-18.369,-21.131,-24.03,-27.094,-30.193,-33.285,-36.511,-39.811,-43.066,-46.482,-50.104,-53.629,-57.171,-60.935,-64.863,-68.511,-72.395,-76.624,-80.46,-84.407,-88.67,-93.424,-97.561,-101.59,-105.87,-110.39,-115.2,-120.34,-125.43,-130.44,-135.94,-140.39,-144.27,-149.11,-155.36,-163.38,-166.89,-173.76,-185.41,-189.35,-197.01
-5.8654,-7.2168,-8.4312,-9.9354,-11.738,-13.77,-15.98,-18.428,-20.943,-23.618,-26.394,-29.27,-32.24,-35.107,-38.257,-41.493,-44.658,-47.957,-51.389,-55.024,-58.575,-62.033,-65.688,-69.55,-73.026,-76.635,-80.455,-84.613,-88.48,-92.53,-97.222,-101.3,-105.71,-110.42,-115.63,-119.44,-124.13,-129.44,-134.7,-138.19,-144.67,-149.78,-156.19,-159.62,-165.73,-173.24,-183.46,-187.81,-197.27
-8.9108,-10.325,-11.676,-13.092,-14.767,-16.667,-18.73,-21.031,-23.501,-26.106,-28.677,-31.371,-34.263,-37.379,-40.344,-43.361,-46.457,-49.634,-52.904,-56.286,-59.846,-63.294,-66.659,-70.738,-74.365,-78.273,-81.707,-85.063,-89.208,-93.715,-97.742,-102.19,-106.1,-109.87,-115.38,-119.55,-124.25,-130.01,-133.37,-139.4,-143.45,-148.63,-155.88,-159.18,-165.82,-173.95,-179.88,-185.14,-193.25
-12.984,-13.829,-14.765,-16.042,-17.702,-19.563,-21.563,-23.669,-26.093,-28.585,-31.12,-33.745,-36.528,-39.41,-42.31,-45.245,-48.192,-51.345,-54.813,-57.979,-61.237,-64.598,-68.081,-71.73,-75.525,-78.772,-83.066,-86.85,-90.767,-94.122,-97.607,-102.26,-106.38,-110.22,-116.1,-120.27,-125.71,-129.27,-135.11,-138.91,-143.23,-148.66,-156.43,-159.92,-167.19,-170.08,-179.82,-185.26,-197.65
-15.794,-16.725,-17.797,-19.03,-20.596,-22.372,-24.29,-26.412,-28.72,-31.175,-33.629,-36.21,-39.088,-41.675,-44.492,-47.632,-50.459,-53.623,-56.987,-60.243,-63.24,-66.878,-70.079,-73.759,-77.591,-81.103,-84.702,-87.664,-91.546,-95.94,-99.365,-103.77,-107.65,-112.64,-116.65,-122.6,-126.29,-132.22,-135.91,-140.06,-144.85,-151.83,-155.15,-161.99,-170.42,-177.3,-183.59,-190.64,-197.77
-18.52,-19.536,-20.677,-21.939,-23.352,-24.99,-26.829,-28.87,-31.035,-33.294,-35.586,-38.228,-40.966,-43.422,-46.281,-49.296,-52.295,-55.318,-58.373,-61.469,-64.614,-67.821,-71.104,-74.484,-77.986,-81.676,-85.366,-88.409,-92.631,-96.044,-99.292,-103.69,-108.01,-111.54,-116.84,-121.46,-125.09,-131.31,-135.19,-139.44,-144.37,-151.92,-155.36,-163.15,-166.75,-175.83,-181.2,-187.04,-193.73
-21.216,-22.194,-23.32,-24.578,-25.966,-27.51,-29.258,-31.148,-33.174,-35.254,-37.492,-39.984,-42.55,-45.151,-47.629,-50.565,-53.594,-56.321,-59.024,-61.997,-65.265,-68.571,-72.027,-74.97,-78.174,-81.805,-84.819,-87.848,-91.903,-95.663,-99.024,-102.51,-106.31,-111.75,-115.58,-119.66,-123.64,-128.32,-133.99,-138.12,-143.02,-148.97,-152.63,-159.5,-162.26,-172.35,-176.91,-189.63,-198.1
-24.413,-25.251,-26.221,-27.298,-28.523,-30.01,-31.665,-33.534,-35.483,-37.526,-39.718,-42.077,-44.592,-47.211,-49.865,-52.429,-55.233,-58.126,-60.991,-63.857,-66.688,-69.715,-73.295,-76.283,-79.222,-82.672,-86.62,-89.832,-93.204,-96.671,-100.24,-103.92,-107.73,-111.67,-115.74,-119.95,-124.01,-129.54,-134.87,-139.47,-145.42,-150.77,-153.78,-162.57,-166.29,-170.94,-175.38,-181.52,-198.21
-26.776,-27.662,-28.689,-29.84,-31.104,-32.498,-34.076,-35.818,-37.751,-39.74,-41.828,-44.218,-46.608,-48.835,-51.382,-54.089,-56.675,-59.542,-62.543,-65.522,-68.519,-71.54,-74.596,-77.695,-80.851,-84.077,-87.383,-90.801,-94.241,-96.821,-100.01,-103.82,-107.7,-111.73,-115.92,-120.27,-124.41,-131.2,-135.99,-141.35,-146.21,-149.19,-155.86,-160.76,-165.15,-171.12,-180.98,-188.61,-198.31
-29.689,-30.356,-31.233,-32.294,-33.516,-34.883,-36.408,-38.143,-39.948,-41.833,-43.851,-46.008,-48.319,-50.745,-53.233,-55.891,-58.631,-61.297,-63.882,-66.623,-69.763,-72.957,-75.675,-78.303,-81.572,-84.98,-87.81,-90.494,-94.065,-97.723,-101.52,-105.61,-108.66,-111.68,-116.12,-120.62,-125.1,-129.47,-133.97,-138.94,-145.7,-151.52,-155.33,-159.5,-163.56,-171.54,-180.65,-187.87,-198.42
-32.078,-32.799,-33.686,-34.707,-35.837,-37.136,-38.66,-40.264,-41.981,-43.864,-45.945,-47.951,-49.949,-52.424,-55.041,-57.523,-59.909,-62.296,-64.912,-67.945,-71.023,-73.589,-76.8,-79.734,-82.368,-85.868,-88.603,-91.579,-95.16,-97.758,-101.34,-105.57,-108.74,-111.74,-116.33,-121.03,-125.7,-130.32,-135.19,-140.72,-143.31,-150.36,-153.96,-158.01,-165.45,-172.31,-179.35,-186.96,-198.51
-34.563,-35.139,-35.924,-36.89,-38.012,-39.268,-40.661,-42.266,-43.967,-45.742,-47.659,-49.767,-51.881,-53.984,-56.426,-59.007,-61.465,-63.837,-66.177,-68.761,-71.783,-75.08,-77.749,-80.424,-83.1,-85.714,-89.176,-92.292,-95.064,-99.006,-101.69,-105.43,-108.83,-111.8,-116.62,-120.79,-123.45,-128.02,-132.81,-138.16,-145.23,-148.56,-152.32,-161.33,-166.42,-171.72,-178.02,-185.83,-198.61
-36.866,-37.565,-38.403,-39.351,-40.376,-41.597,-43.042,-44.642,-46.483,-48.328,-50.147,-52.206,-54.537,-56.647,-58.751,-61.296,-63.852,-66.305,-69.1,-71.995,-74.835,-77.664,-80.487,-83.308,-86.131,-88.956,-91.756,-94.562,-98.653,-101.71,-104.47,-107.5,-112.28,-116.68,-119.54,-124.67,-129.8,-135.58,-138.69,-144.48,-148.11,-156.91,-161.56,-166.86,-172.87,-180.36,-183.88,-186.02,-198.61
-39.247,-39.81,-40.567,-41.492,-42.558,-43.741,-45.053,-46.573,-48.192,-49.89,-51.735,-53.802,-55.942,-58.078,-60.285,-62.574,-65.066,-67.594,-69.987,-72.689,-75.646,-78.568,-80.915,-83.192,-86.025,-88.884,-91.709,-94.487,-98.612,-101.78,-104.55,-107.59,-112.23,-115.01,-120.01,-122.8,-127.22,-132.68,-139.44,-142.88,-151.23,-155.17,-160.04,-165.39,-171.67,-175.47,-177.29,-184.43,-198.7
-41.639,-42.044,-42.679,-43.52,-44.541,-45.722,-47.04,-48.48,-50.122,-51.854,-53.532,-55.306,-57.428,-59.668,-61.635,-63.794,-66.465,-68.708,-70.719,-73.554,-76.29,-78.539,-81.258,-84.231,-87.133,-89.358,-91.602,-94.384,-98.541,-101.84,-104.7,-107.66,-110.44,-115.16,-118.35,-122.63,-128.36,-131.01,-135.72,-142.03,-147.86,-153.53,-158.39,-163.99,-167.28,-169.07,-174.7,-182.72,-198.79
-43.274,-43.969,-44.788,-45.717,-46.742,-47.849,-49.031,-50.331,-51.771,-53.43,-55.287,-57.058,-58.799,-60.704,-62.783,-64.934,-67.187,-69.682,-72.213,-74.654,-77.045,-79.389,-81.619,-84.055,-87.025,-90.049,-92.592,-94.653,-97.255,-100.22,-103.05,-107.77,-110.84,-113.61,-117.48,-121.89,-125.06,-131.4,-134.73,-139.82,-143.04,-152.31,-156.55,-161.8,-163.8,-166.16,-172.64,-180.62,-198.87
-45.42,-46.012,-46.77,-47.68,-48.726,-49.893,-51.166,-52.533,-54.02,-55.638,-57.402,-59.31,-61.175,-63.051,-65.245,-67.656,-69.906,-72.074,-74.114,-76.302,-78.718,-81.677,-84.558,-86.841,-89.064,-91.34,-94.259,-97.327,-100.37,-103.42,-106.49,-109.42,-113.15,-118,-120.9,-123.83,-129.75,-137.12,-139.81,-147.89,-152.29,-155.13,-157,-161.87,-167.92,-175.32,-186.54,-188.5,-198.87
-47.32,-47.976,-48.758,-49.652,-50.643,-51.718,-52.864,-54.122,-55.504,-57.008,-58.681,-60.465,-62.366,-64.338,-66.337,-68.436,-70.692,-72.859,-74.917,-77.249,-79.762,-82.176,-84.547,-86.876,-89.117,-91.372,-94.284,-97.394,-100.47,-103.57,-106.68,-109.81,-112.95,-116.09,-118.99,-124.62,-127.37,-133.11,-138.62,-146.22,-149.89,-151.76,-154.36,-159.83,-165.83,-173.18,-179.64,-181.07,-194.81
-50.283,-50.541,-51.037,-51.746,-52.643,-53.705,-54.907,-56.227,-57.69,-59.33,-61.031,-62.809,-64.612,-66.368,-68.297,-70.641,-72.963,-75.16,-77.251,-79.293,-81.664,-84.184,-86.605,-88.949,-91.248,-94.328,-97.112,-99.23,-102.1,-105.37,-108.57,-111.8,-115.03,-118.06,-122.86,-126.84,-131.69,-138.82,-142.85,-145.43,-149.58,-155.27,-161.08,-168.26,-171.84,-173.72,-184.27,-198.07,-198.95
-51.24,-51.855,-52.598,-53.455,-54.413,-55.458,-56.576,-57.773,-59.09,-60.556,-62.314,-64.172,-65.79,-67.341,-69.089,-71.05,-73.14,-75.362,-77.446,-79.482,-81.863,-84.385,-86.809,-89.189,-91.529,-93.749,-96.094,-99.378,-101.79,-103.9,-106.97,-110.21,-113.42,-116.63,-119.64,-125.63,-128.34,-137.21,-140.68,-144.26,-148.45,-153.5,-159.29,-166.15,-168.15,-170.87,-182.65,-188.44,-194.89
-53.351,-53.961,-54.666,-55.448,-56.291,-57.187,-58.235,-59.419,-60.675,-61.987,-63.415,-65.013,-66.903,-68.757,-70.374,-72.072,-74.197,-76.459,-78.567,-80.607,-82.516,-84.586,-87.025,-89.434,-91.776,-94.078,-96.34,-98.451,-100.91,-104.22,-107.59,-109.95,-111.91,-114.56,-120.66,-123.96,-126.63,-131.93,-139.61,-142.76,-146.77,-151.62,-157.4,-162.92,-164.51,-168.98,-179.02,-180.56,-190.83
-54.981,-55.544,-56.238,-57.052,-57.971,-58.983,-60.073,-61.234,-62.503,-63.886,-65.393,-67.079,-68.81,-70.529,-72.297,-74.128,-76.047,-78.155,-80.332,-82.394,-84.395,-86.265,-88.229,-90.59,-92.983,-95.22,-98.256,-101.28,-103.35,-106.19,-109.72,-112.92,-114.59,-118.5,-123.5,-126.25,-131.19,-135.3,-143.78,-147.41,-153.11,-155.67,-157.65,-164.33,-171.33,-172.77,-180.71,-189.89,-190.83
-56.78,-57.43,-58.161,-58.961,-59.822,-60.732,-61.699,-62.764,-63.925,-65.183,-66.594,-68.131,-69.79,-71.588,-73.266,-74.767,-76.405,-78.486,-80.681,-82.728,-84.711,-86.56,-88.545,-90.941,-93.354,-95.686,-97.977,-100.23,-102.33,-104.66,-108.03,-111.41,-114.81,-118.25,-121.66,-124.96,-127.71,-134.49,-141.69,-145.8,-150.38,-152.13,-155.18,-162.36,-167.65,-169.11,-178.6,-185.82,-186.77
-58.596,-59.127,-59.794,-60.585,-61.487,-62.487,-63.572,-64.731,-65.98,-67.348,-68.786,-70.297,-71.884,-73.486,-75.109,-76.792,-78.538,-80.386,-82.437,-84.551,-86.549,-88.491,-90.305,-92.182,-94.471,-96.881,-99.067,-101.96,-105.26,-107.31,-110.02,-113.66,-117.2,-120.77,-124.22,-127.04,-134.41,-137.6,-143.86,-144.53,-150.37,-156.84,-163.17,-164.68,-170.93,-176.11,-177.96,-192.96,-195.04
-60.263,-60.771,-61.403,-62.143,-62.977,-63.889,-64.865,-65.94,-67.163,-68.451,-69.736,-71.05,-72.442,-73.963,-75.61,-77.324,-79.139,-80.912,-82.539,-84.183,-85.986,-87.95,-90.335,-92.769,-94.529,-96.219,-98.271,-100.75,-104.35,-106.62,-108.82,-112.34,-116.04,-118.19,-120.01,-126.83,-129.65,-132.64,-140.62,-144.35,-149.34,-154.8,-156.42,-160.37,-167.41,-168.77,-176.9,-186.01,-186.85
-63.071,-63.201,-63.529,-64.037,-64.706,-65.519,-66.456,-67.499,-68.631,-69.86,-71.239,-72.728,-74.368,-76.116,-77.727,-79.227,-80.769,-82.405,-84.13,-86.036,-88.082,-89.973,-91.816,-94.04,-96.557,-98.952,-101.3,-103.61,-105.81,-107.97,-111.35,-114.16,-116.08,-119.18,-122.44,-129.47,-132.29,-140.87,-144.98,-150.3,-152.14,-155.19,-162.92,-164.5,-169.79,-176.2,-177.88,-183.46,-190.98
-63.894,-64.285,-64.822,-65.488,-66.267,-67.144,-68.102,-69.126,-70.269,-71.547,-72.892,-74.294,-75.777,-77.287,-78.813,-80.39,-82.039,-83.767,-85.66,-87.754,-89.77,-91.705,-93.563,-95.31,-97.309,-99.754,-102.14,-104.47,-106.61,-109.02,-112.84,-115.01,-117.22,-120.99,-124.12,-131.72,-137.58,-140.85,-147.52,-149,-154.78,-159.7,-161.27,-170.83,-172.49,-184.84,-195.03,-187.04,-199.25
-65.124,-65.629,-66.24,-66.94,-67.716,-68.552,-69.439,-70.476,-71.64,-72.846,-74.041,-75.27,-76.577,-78.007,-79.568,-81.202,-82.945,-84.696,-86.299,-87.861,-89.593,-91.538,-93.422,-95.143,-97.062,-99.456,-101.86,-104.17,-106.33,-108.61,-112.39,-114.78,-116.82,-120.47,-124.14,-126.91,-135.78,-138.9,-143.2,-148.52,-154.92,-156.5,-161.87,-164.23,-166.51,-181.11,-186.82,-189.28,-191.05
-66.396,-66.881,-67.487,-68.205,-69.025,-69.936,-70.928,-71.992,-73.118,-74.342,-75.666,-77.008,-78.329,-79.663,-81.029,-82.377,-83.779,-85.457,-87.661,-89.557,-90.942,-92.448,-94.831,-97.335,-99.04,-100.76,-103.04,-105.44,-107.73,-109.92,-112.01,-115.26,-119.26,-123.12,-126.71,-131.64,-134.12,-143.41,-149.43,-151.93,-154.12,-159.72,-161.19,-171.25,-172.54,-183.16,-190.93,-183.15,-195.18
-68.34,-68.75,-69.271,-69.893,-70.603,-71.389,-72.239,-73.141,-74.127,-75.238,-76.426,-77.651,-78.952,-80.31,-81.686,-83.083,-84.531,-86.047,-87.633,-89.354,-91.303,-93.254,-95.101,-96.897,-98.567,-100.26,-102.36,-104.78,-107.05,-109.28,-111.29,-113.92,-117.98,-121.93,-125.74,-129.46,-133.01,-140.45,-147.26,-148.66,-153.73,-156.11,-158.28,-163.99,-165.4,-180.54,-186.9,-179.31,-191.12
-69.565,-69.97,-70.496,-71.122,-71.828,-72.592,-73.396,-74.406,-75.625,-76.878,-78.029,-79.145,-80.301,-81.569,-82.978,-84.483,-86.061,-87.741,-89.367,-90.851,-92.346,-94.046,-95.935,-97.735,-99.384,-101.25,-103.62,-106.01,-108.3,-110.44,-112.65,-116.6,-119.02,-120.99,-124.45,-132.47,-135.15,-141.02,-146.33,-151.4,-152.92,-159.03,-160.51,-167.78,-176.98,-174.77,-189.77,-182.99,-195.25
-70.842,-71.284,-71.829,-72.468,-73.194,-73.997,-74.871,-75.808,-76.798,-77.847,-79.001,-80.214,-81.423,-82.584,-83.768,-85.077,-86.653,-88.381,-89.968,-91.44,-92.997,-94.809,-96.715,-98.441,-100.14,-102.24,-104.73,-107.09,-109.4,-111.67,-113.85,-115.84,-118.9,-123.11,-126.86,-133.15,-136.6,-145.95,-147.96,-150.28,-155.81,-157.32,-163.78,-164.91,-179.11,-182.91,-191.1,-187.89,-199.38
-72.277,-72.777,-73.352,-73.997,-74.703,-75.463,-76.272,-77.121,-78.021,-79.004,-80.053,-81.148,-82.297,-83.518,-84.779,-86.053,-87.353,-88.705,-90.121,-91.602,-93.201,-95.023,-96.915,-98.614,-100.31,-102.45,-104.95,-107.31,-109.62,-111.89,-114.05,-116.06,-119.36,-123.66,-127.69,-131.71,-135.87,-140.4,-145.93,-151.46,-152.9,-159.26,-160.57,-167.27,-168.45,-179.69,-187.05,-179.06,-191.18
-73.515,-74.067,-74.672,-75.324,-76.017,-76.745,-77.504,-78.311,-79.185,-80.126,-81.135,-82.248,-83.494,-84.798,-86.098,-87.421,-88.8,-90.278,-91.855,-93.387,-94.784,-96.168,-97.695,-99.358,-101.27,-103.82,-105.92,-107.22,-108.91,-113.11,-115.59,-117.59,-119.52,-121.99,-127.04,-130.27,-140.18,-146.07,-148.03,-150.51,-155.98,-157.58,-164.08,-165.24,-176.27,-178.9,-189.02,-182.99,-195.31
-75.114,-75.496,-75.964,-76.513,-77.135,-77.825,-78.577,-79.383,-80.238,-81.136,-82.078,-83.087,-84.166,-85.319,-86.577,-87.943,-89.373,-90.907,-92.49,-93.974,-95.349,-96.776,-98.365,-100.12,-102.28,-104.9,-106.68,-108.11,-109.85,-111.98,-115.7,-118.86,-120.74,-124.47,-128.72,-132.49,-138.32,-141.91,-150.27,-152.21,-156.31,-160.25,-162.48,-173.13,-170.73,-179.81,-186.16,-190.11,-199.44
-76.263,-76.556,-76.957,-77.456,-78.044,-78.709,-79.443,-80.235,-81.076,-81.977,-83.006,-84.111,-85.223,-86.285,-87.336,-88.453,-89.727,-91.265,-92.87,-94.316,-95.677,-97.128,-98.822,-100.64,-102.3,-103.87,-105.72,-108.11,-110.48,-112.75,-114.82,-117.06,-121.4,-125.84,-130.22,-134.77,-139.79,-146.29,-148.1,-151.28,-156.14,-158.04,-168.2,-170.77,-173.6,-174.89,-186.43,-183.24,-191.24
-76.986,-77.498,-78.069,-78.693,-79.365,-80.078,-80.827,-81.607,-82.447,-83.355,-84.317,-85.317,-86.367,-87.484,-88.642,-89.817,-91.01,-92.243,-93.536,-94.884,-96.314,-97.888,-99.687,-101.48,-103.07,-104.73,-106.89,-109.38,-111.72,-114,-116.24,-118.36,-120.33,-123.75,-128.23,-131.91,-138.47,-142.18,-150.85,-152.38,-158.95,-161.26,-163.38,-168.88,-167.79,-177.58,-186.93,-184.81,-195.37
-79.72,-79.722,-79.864,-80.136,-80.527,-81.027,-81.626,-82.313,-83.078,-83.911,-84.802,-85.744,-86.801,-87.95,-89.133,-90.31,-91.514,-92.766,-94.081,-95.454,-96.93,-98.601,-100.44,-102.17,-103.74,-105.55,-108.1,-110.13,-111.33,-112.86,-117.2,-119.54,-121.71,-126.38,-130.99,-135.87,-141.56,-147.35,-148.67,-155.57,-157.59,-159.12,-160.41,-171.63,-174.86,-175.76,-180.09,-191.41,-199.5
-80.792,-80.727,-80.827,-81.076,-81.461,-81.966,-82.577,-83.279,-84.056,-84.896,-85.792,-86.874,-88.074,-89.244,-90.275,-91.223,-92.185,-93.257,-94.513,-95.935,-97.482,-99.237,-101.08,-102.8,-104.47,-106.07,-107.54,-109.17,-111.33,-113.71,-115.94,-118.1,-120,-123.03,-127.27,-136.62,-144.33,-145.19,-151.58,-153.54,-155.13,-156.59,-167.17,-170.72,-171.17,-177.31,-186.17,-183.33,-191.3
-80.634,-80.95,-81.35,-81.826,-82.372,-82.979,-83.64,-84.347,-85.094,-85.877,-86.741,-87.686,-88.698,-89.771,-90.986,-92.278,-93.519,-94.605,-95.632,-96.767,-98.213,-100.08,-101.91,-103.62,-105.28,-106.81,-108.32,-110.18,-112.6,-114.92,-117.17,-119.16,-121.43,-126.12,-130.96,-136.15,-142.59,-148.12,-149.82,-151.34,-153.51,-164.07,-166.75,-165.14,-170.85,-177.16,-178.17,-186.71,-195.43
-81.557,-81.969,-82.435,-82.949,-83.506,-84.1,-84.726,-85.379,-86.061,-86.802,-87.61,-88.492,-89.455,-90.591,-91.908,-93.221,-94.394,-95.499,-96.614,-97.807,-99.064,-100.4,-101.85,-103.42,-105.23,-107.73,-110.02,-111.48,-112.87,-114.65,-116.99,-121.81,-123.85,-126.01,-130.96,-136.15,-142.56,-151.85,-153.55,-157.1,-162.3,-160.49,-166.17,-172.29,-170.84,-182.82,-187.86,-187.26,-195.43
-82.251,-82.625,-83.071,-83.584,-84.162,-84.799,-85.491,-86.235,-87.025,-87.858,-88.73,-89.636,-90.595,-91.613,-92.668,-93.74,-94.827,-95.944,-97.111,-98.335,-99.613,-100.99,-102.54,-104.28,-105.95,-107.43,-109.03,-111.17,-113.65,-115.96,-118.18,-120.1,-123.54,-128.88,-134.32,-140.87,-147.96,-149.74,-151.23,-153.24,-161.24,-162.43,-167.87,-166.78,-178.2,-181.1,-183.19,-191.72,-199.55
-84.027,-84.15,-84.384,-84.72,-85.149,-85.664,-86.257,-86.918,-87.641,-88.416,-89.235,-90.106,-91.084,-92.135,-93.215,-94.291,-95.388,-96.525,-97.72,-98.964,-100.28,-101.73,-103.4,-105.15,-106.73,-108.22,-110.06,-112.65,-114.47,-115.53,-117,-121.69,-123.81,-125.87,-131.02,-136.63,-144.82,-147.95,-150.14,-157.25,-158.78,-164.56,-162.86,-167.73,-174.07,-179.07,-185.56,-183.28,-191.36
-84.293,-84.694,-85.148,-85.651,-86.2,-86.791,-87.42,-88.084,-88.777,-89.498,-90.249,-91.047,-91.894,-92.794,-93.749,-94.79,-95.917,-97.103,-98.346,-99.689,-101.04,-102.26,-103.31,-104.49,-106.18,-108.95,-110.8,-112.13,-113.65,-115.87,-118.18,-120.08,-123.56,-129.24,-135.2,-142.66,-144.15,-149.97,-153.14,-155.06,-160.85,-158.97,-164.04,-170.2,-175.02,-180.77,-183.19,-187.38,-195.48
-85.405,-85.696,-86.059,-86.487,-86.972,-87.509,-88.089,-88.706,-89.351,-90.031,-90.804,-91.661,-92.585,-93.554,-94.589,-95.718,-96.914,-98.163,-99.52,-100.9,-102.19,-103.38,-104.58,-105.92,-107.38,-109.06,-111.25,-113.82,-116.21,-118.53,-120.81,-122.85,-124.78,-129.2,-135.2,-143.77,-148.68,-150.41,-155.79,-154.66,-159.13,-165.1,-170.79,-168.38,-175.06,-182.6,-183.19,-187.38,-195.48
-86.076,-86.48,-86.923,-87.4,-87.908,-88.443,-89.001,-89.578,-90.18,-90.829,-91.531,-92.292,-93.116,-94.025,-95.127,-96.331,-97.499,-98.516,-99.445,-100.42,-101.59,-103.17,-104.99,-106.66,-108.26,-109.82,-111.23,-112.66,-114.5,-116.91,-119,-121.19,-126.56,-132.78,-141.49,-143.96,-146.19,-153.45,-154.84,-156.83,-159.9,-166.17,-163.66,-169.91,-177.22,-175.12,-194.09,-187.81,-199.6
-86.829,-87.197,-87.624,-88.107,-88.641,-89.223,-89.851,-90.52,-91.228,-91.972,-92.747,-93.551,-94.392,-95.287,-96.222,-97.181,-98.14,-99.064,-100.03,-101.14,-102.59,-104.47,-106.04,-107.1,-108.06,-109.27,-111.32,-113.95,-116.34,-118.67,-120.94,-122.96,-124.9,-129.8,-136.55,-147.36,-149.56,-151.4,-153.64,-155.75,-157.86,-162.71,-165.85,-173.04,-171.32,-178.25,-186.89,-183.21,-191.41
-87.096,-87.496,-87.952,-88.46,-89.017,-89.62,-90.266,-90.952,-91.674,-92.428,-93.212,-94.025,-94.89,-95.8,-96.741,-97.699,-98.668,-99.659,-100.69,-101.77,-102.89,-104.07,-105.35,-106.81,-108.43,-110.01,-111.38,-112.81,-114.68,-117.11,-119.15,-121.43,-126.63,-128.29,-130.94,-138.22,-147.95,-149.54,-153.19,-158.57,-157.02,-162.8,-164.89,-167.36,-174.34,-174.13,-179.66,-187.93,-195.53
-88.493,-88.736,-89.063,-89.467,-89.941,-90.478,-91.072,-91.718,-92.407,-93.134,-93.894,-94.735,-95.657,-96.627,-97.611,-98.592,-99.596,-100.64,-101.73,-102.87,-104.07,-105.37,-106.86,-108.54,-110.14,-111.54,-113.03,-115.05,-117.59,-119.93,-122.18,-123.96,-127.18,-134.61,-144.51,-149.65,-147.3,-153.1,-156.34,-158.39,-160.39,-162.8,-169.49,-166.98,-173.01,-181.42,-179.66,-187.93,-195.53
-89.539,-89.7,-89.955,-90.296,-90.713,-91.195,-91.734,-92.32,-92.944,-93.595,-94.312,-95.178,-96.139,-97.135,-98.111,-99.09,-100.1,-101.15,-102.27,-103.49,-104.74,-105.94,-107.04,-108.1,-109.22,-110.49,-111.85,-113.45,-115.6,-118.05,-120.32,-122.45,-124.18,-127.8,-135.11,-147.61,-149.71,-151.5,-153.75,-155.84,-157.96,-163.31,-164.29,-166.5,-173.93,-178.57,-193.57,-184.92,-199.65
-90.174,-90.581,-91.014,-91.471,-91.951,-92.45,-92.967,-93.5,-94.047,-94.614,-95.211,-95.845,-96.525,-97.26,-98.065,-98.999,-100.04,-101.14,-102.26,-103.41,-104.63,-105.99,-107.57,-109.25,-110.81,-112.31,-113.78,-115.12,-116.43,-118,-119.82,-123.61,-131.31,-139.28,-140.4,-147.61,-149.71,-151.43,-153.51,-158.1,-162.41,-161.6,-168.64,-175.12,-172.23,-180.57,-192.54,-184.92,-199.65
-93.751,-93.345,-93.101,-93.007,-93.052,-93.226,-93.516,-93.913,-94.405,-94.98,-95.628,-96.337,-97.097,-97.897,-98.805,-99.833,-100.93,-102.06,-103.27,-104.54,-105.77,-106.89,-107.96,-109.08,-110.33,-111.69,-113.28,-115.42,-117.95,-120.3,-122.5,-124.26,-128.62,-137.88,-147.86,-150.64,-150.41,-155.47,-157.69,-159.87,-162.11,-164.14,-166.34,-173.18,-171.15,-180.13,-186.12,-190.08,-191.46
-93.497,-93.203,-93.06,-93.059,-93.186,-93.433,-93.788,-94.24,-94.778,-95.392,-96.07,-96.802,-97.576,-98.43,-99.448,-100.53,-101.59,-102.51,-103.34,-104.18,-105.14,-106.35,-107.97,-109.66,-111.19,-112.67,-114.11,-115.4,-116.71,-118.32,-120.22,-125.71,-128,-129.9,-138.96,-149.5,-150.72,-153.01,-155.27,-157.51,-159.63,-161.61,-166.68,-169.46,-170.02,-178.01,-189.76,-182.26,-195.58
-93.985,-93.699,-93.577,-93.605,-93.77,-94.056,-94.451,-94.941,-95.511,-96.149,-96.839,-97.569,-98.381,-99.406,-100.53,-101.61,-102.58,-103.48,-104.38,-105.32,-106.32,-107.37,-108.48,-109.69,-110.99,-112.43,-114.21,-116.72,-119.19,-121.53,-123.41,-125.8,-135.07,-139.93,-141.59,-149.5,-150.72,-153.01,-155.24,-157.2,-161.38,-166.7,-165.09,-173.27,-178.49,-176.98,-189.76,-188.58,-195.58
-93.302,-93.455,-93.679,-93.969,-94.32,-94.726,-95.181,-95.679,-96.215,-96.783,-97.377,-97.994,-98.668,-99.416,-100.24,-101.13,-102.1,-103.26,-104.53,-105.77,-106.87,-107.92,-109,-110.24,-111.7,-113.24,-114.64,-115.89,-117.28,-119.19,-121.6,-123.41,-125.7,-134.2,-144.67,-146.04,-147.92,-150.17,-156.27,-154.71,-160.55,-164.48,-166.42,-168.31,-170.51,-177.24,-181.64,-183.69,-199.7
-93.725,-93.91,-94.167,-94.489,-94.869,-95.3,-95.776,-96.29,-96.834,-97.403,-97.992,-98.684,-99.486,-100.35,-101.24,-102.12,-102.99,-103.88,-104.81,-105.78,-106.8,-107.85,-108.99,-110.23,-111.55,-113.09,-115.22,-117.82,-119.09,-119.91,-121.53,-130.1,-132.13,-134.25,-144.42,-150.45,-153.04,-155.19,-157.48,-159.75,-161.98,-164.02,-166.12,-173.35,-171.48,-177.12,-189.34,-183.69,-199.7
-94.047,-94.289,-94.596,-94.961,-95.377,-95.836,-96.331,-96.855,-97.399,-97.959,-98.629,-99.432,-100.31,-101.22,-102.11,-102.99,-103.89,-104.83,-105.81,-106.84,-107.91,-109.07,-110.35,-111.86,-113.42,-114.82,-116.1,-117.57,-119.68,-122.16,-123.86,-127.85,-140.97,-145.98,-143.46,-149.55,-152.61,-154.72,-157,-159.24,-161.13,-165.47,-170.16,-169.4,-180.28,-180.82,-185.8,-190.2,-191.5
-90.514,-91.458,-92.393,-93.318,-94.232,-95.134,-96.024,-96.899,-97.76,-98.605,-99.433,-100.24,-101.04,-101.81,-102.54,-103.22,-103.89,-104.57,-105.33,-106.18,-107.16,-108.25,-109.43,-110.68,-112.04,-113.68,-116.16,-118.4,-119.34,-120.24,-123.08,-127.89,-129.46,-143.96,-145.85,-147.53,-149.79,-152.04,-154.3,-156.27,-158.65,-166.16,-162.95,-170.55,-172.93,-175.17,-188.07,-179.4,-195.62
-97.495,-97.286,-97.197,-97.219,-97.345,-97.567,-97.876,-98.265,-98.725,-99.249,-99.828,-100.45,-101.12,-101.82,-102.58,-103.45,-104.4,-105.39,-106.4,-107.43,-108.53,-109.73,-111.12,-112.68,-114.18,-115.48,-116.8,-118.51,-121,-123.08,-125.13,-135.09,-144.85,-145.95,-150.13,-152.8,-154.96,-157.31,-159.62,-161.92,-164.18,-166.42,-168.34,-170.66,-179.27,-175.16,-188.07,-189.2,-195.62
-97.342,-97.235,-97.246,-97.364,-97.583,-97.892,-98.284,-98.75,-99.282,-99.871,-100.51,-101.19,-101.89,-102.68,-103.57,-104.55,-105.56,-106.61,-107.74,-108.91,-110.02,-111.04,-112.01,-113.02,-114.15,-115.37,-116.76,-118.51,-121,-123.08,-125.13,-139.91,-146.06,-143.1,-149.67,-152.8,-154.96,-157.31,-159.62,-161.92,-164.18,-166.42,-168.34,-170.66,-179.27,-175.16,-188.07,-189.2,-195.62
-96.16,-96.524,-96.92,-97.347,-97.805,-98.29,-98.801,-99.336,-99.895,-100.47,-101.07,-101.69,-102.32,-102.96,-103.62,-104.33,-105.09,-105.92,-106.85,-107.9,-109.06,-110.32,-111.8,-113.35,-114.8,-116.19,-117.55,-118.68,-119.41,-120.73,-126.82,-128.15,-134.74,-144.62,-147.29,-149.55,-151.76,-154.07,-156.35,-158.59,-160.81,-163.01,-164.78,-167.96,-174.7,-171.93,-183.56,-188.13,-199.74
-97.275,-97.56,-97.891,-98.265,-98.677,-99.126,-99.607,-100.12,-100.65,-101.21,-101.79,-102.4,-103.08,-103.8,-104.55,-105.32,-106.09,-106.83,-107.56,-108.33,-109.22,-110.28,-111.73,-113.34,-114.76,-116,-117.41,-119.44,-122.03,-123.65,-129.34,-138.94,-134.74,-144.62,-147.29,-149.55,-151.76,-154.07,-156.35,-158.59,-160.48,-163.07,-171.09,-167.49,-175.88,-177.45,-183.3,-188.13,-199.74
-97.699,-97.926,-98.206,-98.533,-98.904,-99.314,-99.759,-100.23,-100.74,-101.26,-101.8,-102.37,-103,-103.69,-104.43,-105.24,-106.11,-107.15,-108.31,-109.48,-110.54,-111.5,-112.46,-113.5,-114.65,-115.9,-117.39,-119.43,-122.01,-123.63,-128.42,-141.64,-142.58,-149.33,-151.88,-152.82,-153.47,-154.36,-155.88,-158.39,-166.6,-162.95,-171.27,-173.17,-177.92,-181.42,-184.94,-190.35,-191.55
-98.158,-98.408,-98.704,-99.043,-99.419,-99.828,-100.27,-100.73,-101.21,-101.71,-102.23,-102.84,-103.53,-104.28,-105.06,-105.82,-106.56,-107.27,-108,-108.82,-109.76,-111,-112.57,-114.11,-115.51,-116.87,-118.19,-118.99,-119.8,-121.78,-135.38,-142.57,-138.93,-147.25,-149.6,-151.81,-154.18,-156.51,-158.82,-161.1,-163.35,-165.58,-167.79,-169.97,-171.95,-173.72,-182.66,-182.29,-195.66
-97.217,-97.695,-98.2,-98.732,-99.288,-99.869,-100.47,-101.1,-101.75,-102.42,-103.1,-103.81,-104.53,-105.27,-106.03,-106.8,-107.58,-108.39,-109.23,-110.1,-111.01,-111.96,-112.98,-114.09,-115.27,-116.6,-118.26,-120.74,-123.1,-125.21,-132.73,-142.54,-138.93,-147.25,-149.6,-151.81,-154.18,-156.51,-158.82,-161.1,-163.35,-165.58,-167.69,-169.42,-177.79,-176.38,-182.65,-189.74,-195.66
-100.11,-100.18,-100.31,-100.51,-100.78,-101.1,-101.48,-101.91,-102.39,-102.91,-103.47,-104.06,-104.69,-105.35,-106.03,-106.71,-107.43,-108.21,-109.1,-110.13,-111.55,-113.2,-114.71,-116.14,-117.53,-118.83,-120,-121.29,-122.75,-124.75,-140.13,-142.61,-141.48,-147.19,-149.55,-151.81,-154.18,-156.51,-158.82,-161.1,-163.33,-165.06,-171.11,-172.97,-177.21,-180.94,-183.22,-189.74,-195.66
-100.22,-100.35,-100.54,-100.8,-101.11,-101.47,-101.88,-102.34,-102.84,-103.38,-103.96,-104.56,-105.2,-105.86,-106.55,-107.3,-108.09,-108.93,-109.79,-110.67,-111.59,-112.56,-113.61,-114.79,-116.17,-117.59,-118.78,-119.69,-120.92,-124.53,-136.25,-142.72,-145.19,-147.63,-151.69,-152.72,-153.34,-154.04,-155.35,-157.68,-159.97,-162.16,-164.07,-166.08,-175.22,-171.5,-182.5,-185.42,-191.59
-101.4,-101.36,-101.41,-101.54,-101.73,-102,-102.32,-102.71,-103.14,-103.62,-104.13,-104.69,-105.27,-105.87,-106.52,-107.25,-108.06,-108.91,-109.79,-110.67,-111.59,-112.56,-113.61,-114.74,-115.96,-117.43,-119.51,-122.19,-124.13,-128.62,-142.46,-142.36,-147.46,-149.8,-152.21,-154.65,-155.79,-156.38,-156.94,-157.99,-164.05,-164.28,-169.7,-173.43,-175.19,-176.63,-181.98,-185.42,-191.59
-101.4,-101.45,-101.58,-101.79,-102.07,-102.41,-102.81,-103.26,-103.75,-104.29,-104.85,-105.45,-106.07,-106.75,-107.52,-108.36,-109.24,-110.14,-111.05,-112,-113.02,-114.14,-115.47,-116.93,-118.33,-119.52,-120.71,-122.18,-123.33,-135.51,-142.62,-137.24,-147.46,-149.8,-152.09,-154.53,-156.94,-159.31,-161.65,-163.97,-166.26,-168.53,-170.77,-172.42,-175.12,-181.91,-181.66,-190.57,-191.59
-100.99,-101.37,-101.76,-102.18,-102.63,-103.09,-103.58,-104.08,-104.6,-105.13,-105.68,-106.25,-106.82,-107.4,-108.01,-108.66,-109.37,-110.13,-110.99,-111.95,-113,-114.14,-115.47,-116.93,-118.33,-119.35,-120.4,-122.19,-130.64,-135.51,-142.62,-141.04,-147.37,-149.75,-152.09,-154.53,-156.94,-159.31,-161.65,-163.97,-166.26,-168.53,-170.77,-172.42,-175.12,-181.91,-181.66,-190.57,-191.59
-102.02,-102.12,-102.29,-102.53,-102.83,-103.18,-103.57,-104.01,-104.47,-104.96,-105.47,-105.99,-106.59,-107.32,-108.14,-109.02,-109.92,-110.84,-111.83,-112.84,-113.83,-114.71,-115.43,-116.18,-117.11,-118.46,-121.14,-123.5,-125.96,-135.39,-131.04,-144.47,-143.23,-145.55,-148.59,-151.25,-153.61,-155.94,-158.23,-160.5,-162.74,-164.96,-167.16,-168.69,-173.69,-177.41,-180.8,-186.48,-187.51
-102.28,-102.55,-102.86,-103.19,-103.56,-103.95,-104.36,-104.79,-105.24,-105.7,-106.18,-106.69,-107.25,-107.85,-108.5,-109.2,-109.94,-110.75,-111.67,-112.68,-113.77,-115.01,-116.44,-117.87,-119.12,-120.26,-121.58,-123.2,-125.89,-142.67,-130.99,-148.19,-150.43,-151.74,-152.59,-153.3,-154.19,-155.71,-158.19,-160.5,-162.74,-164.96,-167.16,-168.69,-173.69,-177.41,-180.8,-186.48,-187.51
-101.79,-102.22,-102.68,-103.16,-103.65,-104.17,-104.71,-105.26,-105.83,-106.42,-107.03,-107.65,-108.28,-108.93,-109.59,-110.26,-110.91,-111.55,-112.22,-112.96,-113.83,-114.94,-116.38,-117.87,-119.05,-120.05,-121.44,-125.37,-130.36,-142.67,-136,-148.05,-150.22,-152.86,-155.07,-156.16,-156.89,-157.58,-158.54,-160.27,-162.74,-164.44,-167.3,-173.92,-173.24,-181.62,-183.18,-185.34,-187.51
-106.93,-106.29,-105.81,-105.49,-105.32,-105.29,-105.38,-105.59,-105.9,-106.31,-106.81,-107.39,-108.03,-108.72,-109.47,-110.25,-111.17,-112.21,-113.27,-114.27,-115.16,-116.01,-116.88,-117.84,-118.81,-119.73,-121.14,-126.44,-133.08,-141.86,-140.24,-147.5,-149.91,-152.34,-154.85,-157.33,-159.77,-162.18,-164.56,-166.92,-169.25,-171.54,-173.54,-177.35,-185.95,-182.14,-191.13,-184.27,-195.7
-102.34,-102.78,-103.25,-103.74,-104.24,-104.76,-105.3,-105.86,-106.44,-107.03,-107.63,-108.25,-108.88,-109.53,-110.18,-110.82,-111.44,-112.08,-112.79,-113.61,-114.6,-115.97,-117.48,-118.8,-119.92,-121.14,-122.73,-124.96,-134.18,-132.7,-143.32,-143.47,-146.04,-149.19,-151.81,-154.25,-156.65,-159.02,-161.35,-163.66,-165.95,-168.21,-170.45,-172.66,-174.85,-177.03,-179.18,-181.32,-183.43
-107.39,-106.78,-106.35,-106.08,-105.95,-105.96,-106.1,-106.35,-106.7,-107.13,-107.64,-108.22,-108.84,-109.5,-110.19,-111.04,-112.07,-113.15,-114.16,-115.05,-115.89,-116.75,-117.67,-118.71,-119.81,-121.11,-122.67,-124.66,-142.21,-132.7,-149.37,-150.92,-152.08,-152.83,-153.54,-154.54,-156.42,-159.02,-161.35,-163.66,-165.95,-168.21,-170.45,-172.66,-174.85,-177.03,-179.18,-181.32,-183.43
-104.73,-104.95,-105.21,-105.52,-105.87,-106.26,-106.69,-107.15,-107.65,-108.17,-108.71,-109.28,-109.87,-110.48,-111.14,-111.84,-112.57,-113.34,-114.13,-114.94,-115.77,-116.66,-117.61,-118.62,-119.56,-120.8,-123.16,-129.98,-142.47,-134.61,-148.97,-150.82,-152.01,-152.79,-153.48,-154.44,-156.22,-158.83,-161.16,-163.47,-165.76,-168.01,-170.25,-171.98,-173.84,-186.3,-187.54,-180.48,-191.62
-105.57,-105.67,-105.84,-106.06,-106.33,-106.66,-107.02,-107.43,-107.86,-108.34,-108.83,-109.35,-109.89,-110.45,-111.04,-111.68,-112.39,-113.2,-114.12,-115.36,-116.9,-118.36,-119.56,-120.74,-122.27,-124.53,-129.31,-132.99,-142.33,-142.14,-148.54,-150.8,-153.69,-155.49,-156.44,-157.11,-157.82,-158.89,-160.97,-163.47,-165.76,-168.01,-170.25,-171.98,-173.84,-186.3,-187.54,-180.48,-191.62
-105.04,-105.31,-105.62,-105.97,-106.36,-106.78,-107.24,-107.72,-108.24,-108.77,-109.33,-109.9,-110.5,-111.15,-111.83,-112.55,-113.3,-114.07,-114.86,-115.68,-116.54,-117.47,-118.49,-119.55,-120.77,-122.32,-124.22,-133.77,-133.73,-142.7,-145.53,-147.65,-150.19,-152.92,-155.1,-156.16,-156.86,-157.5,-158.34,-159.78,-162.2,-164.46,-166.65,-168.17,-170.6,-177.9,-175.29,-186.81,-187.55
-106.06,-106.21,-106.41,-106.67,-106.96,-107.3,-107.68,-108.09,-108.52,-108.98,-109.45,-109.94,-110.46,-111.07,-111.76,-112.51,-113.28,-114.07,-114.86,-115.68,-116.54,-117.47,-118.49,-119.55,-120.77,-122.32,-124.22,-133.77,-144.12,-142.7,-146.51,-148.51,-150.25,-152.72,-155.25,-157.98,-159.59,-160.47,-161.1,-161.73,-162.62,-163.76,-166.08,-174.3,-171.26,-181.92,-183.22,-185.38,-187.55
-106.4,-106.7,-107.02,-107.37,-107.73,-108.11,-108.51,-108.92,-109.34,-109.78,-110.22,-110.68,-111.17,-111.68,-112.23,-112.81,-113.43,-114.09,-114.81,-115.62,-116.5,-117.46,-118.47,-119.37,-120.49,-122.34,-127.71,-133.36,-144.01,-150.29,-151.54,-152.47,-153.14,-153.91,-155.13,-157.6,-160.17,-162.58,-164.97,-167.33,-169.67,-171.98,-174.26,-176.53,-178.77,-180.99,-183.19,-185.38,-187.55
-106.55,-106.65,-106.81,-107.04,-107.33,-107.67,-108.07,-108.53,-109.03,-109.58,-110.17,-110.8,-111.47,-112.17,-112.91,-113.67,-114.46,-115.26,-116.11,-117.01,-118,-119.05,-120.2,-121.62,-123.54,-126.84,-134.54,-142.22,-142.28,-149.2,-151.11,-152.19,-152.91,-153.59,-154.58,-156.52,-159.19,-161.59,-163.97,-166.31,-168.63,-170.93,-172.91,-175.58,-185.33,-180.2,-190.94,-183.7,-195.73
-110.54,-110.08,-109.75,-109.54,-109.44,-109.45,-109.56,-109.75,-110.03,-110.39,-110.82,-111.31,-111.85,-112.44,-113.07,-113.74,-114.43,-115.2,-116.05,-116.99,-118,-119.05,-120.2,-121.62,-123.25,-128.55,-134.62,-143.73,-146.09,-148.77,-151.11,-152.19,-152.91,-153.59,-154.58,-156.52,-159.19,-161.59,-163.97,-166.31,-168.63,-170.93,-172.91,-175.58,-185.33,-180.2,-190.94,-183.7,-195.73
-103.4,-104.21,-105.02,-105.81,-106.6,-107.38,-108.15,-108.91,-109.66,-110.4,-111.13,-111.85,-112.55,-113.24,-113.92,-114.57,-115.16,-115.71,-116.27,-116.87,-117.56,-118.38,-119.37,-120.59,-122.14,-123.83,-138.44,-132.56,-144.51,-146.38,-148.96,-151.67,-154.49,-155.84,-156.64,-157.25,-157.95,-159.04,-161.22,-163.71,-165.99,-168.25,-170.49,-172.7,-174.89,-177.07,-179.22,-181.35,-183.47
-110.03,-109.74,-109.56,-109.48,-109.51,-109.63,-109.84,-110.13,-110.5,-110.93,-111.42,-111.96,-112.54,-113.17,-113.82,-114.52,-115.34,-116.25,-117.19,-118.08,-118.79,-119.23,-119.68,-120.42,-121.72,-139.06,-128.24,-134.93,-136.41,-141.05,-146.51,-150.85,-153.82,-155.51,-156.42,-157.06,-157.69,-158.61,-160.32,-162.87,-165.15,-167.39,-169.29,-172.77,-182.17,-177.28,-187.19,-179.83,-191.66
-110.03,-109.74,-109.56,-109.48,-109.51,-109.63,-109.84,-110.13,-110.5,-110.93,-111.42,-111.96,-112.54,-113.17,-113.82,-114.51,-115.27,-116.12,-117.04,-118.04,-119.03,-120.07,-121.55,-125.59,-135.12,-142.32,-128.24,-134.93,-136.41,-141.05,-146.51,-150.85,-153.55,-156.19,-158.79,-159.99,-160.74,-161.31,-161.97,-162.97,-164.93,-167.39,-169.29,-172.77,-182.17,-177.28,-187.19,-179.83,-191.66
-107.61,-108.05,-108.49,-108.96,-109.44,-109.93,-110.44,-110.95,-111.49,-112.03,-112.59,-113.15,-113.73,-114.32,-114.88,-115.43,-116,-116.6,-117.29,-118.08,-119.01,-120.17,-121.64,-123.6,-127.34,-139.72,-135.05,-148.27,-150.73,-151.98,-152.76,-153.39,-154.25,-155.93,-158.78,-159.99,-160.74,-161.31,-161.97,-162.97,-164.65,-167.63,-176.5,-172.13,-181.96,-177.01,-186.72,-190.21,-191.66
-110.4,-110.19,-110.09,-110.09,-110.18,-110.37,-110.63,-110.97,-111.36,-111.82,-112.31,-112.85,-113.41,-114,-114.64,-115.45,-116.37,-117.32,-118.2,-118.88,-119.36,-119.87,-120.62,-121.84,-130.32,-127.01,-139.54,-136.21,-147.74,-150.5,-151.82,-152.63,-153.24,-153.97,-155.17,-157.64,-160.21,-162.63,-165.24,-168.28,-171.28,-173.74,-175.17,-169.4,-178.61,-174.04,-182.95,-186.18,-187.58
-110.4,-110.19,-110.09,-110.09,-110.18,-110.37,-110.63,-110.97,-111.36,-111.82,-112.31,-112.85,-113.41,-114,-114.64,-115.45,-116.37,-117.32,-118.2,-118.88,-119.36,-119.87,-120.62,-121.84,-130.32,-127.01,-139.54,-136.21,-147.74,-150.5,-151.82,-152.63,-153.24,-153.97,-155.17,-157.64,-160.21,-162.63,-165.01,-167.37,-169.71,-172.02,-174.3,-176.56,-178.81,-181.03,-183.23,-185.41,-187.58
-109.49,-109.77,-110.07,-110.41,-110.77,-111.16,-111.58,-112.01,-112.47,-112.94,-113.43,-113.94,-114.45,-114.97,-115.5,-116.07,-116.69,-117.4,-118.2,-119.05,-120.1,-121.73,-127.98,-139.91,-132.42,-146.47,-134.8,-138.49,-144.49,-149.96,-153.35,-155.36,-156.34,-156.99,-157.58,-158.41,-159.95,-162.6,-165.01,-167.37,-169.71,-172.02,-174.3,-176.56,-178.81,-181.03,-183.23,-185.41,-187.58
-110.06,-110.27,-110.51,-110.79,-111.11,-111.45,-111.81,-112.21,-112.62,-113.05,-113.5,-113.96,-114.44,-114.93,-115.46,-116.03,-116.67,-117.39,-118.2,-119.14,-120.31,-121.84,-123.89,-129.68,-132.42,-147.06,-148.79,-149.45,-149.8,-150.56,-153.02,-155.36,-156.34,-156.99,-157.58,-158.41,-159.95,-162.6,-165.01,-167.37,-169.71,-172.02,-174.3,-176.56,-178.81,-181.03,-183.23,-185.41,-187.58
-110.43,-110.7,-111,-111.32,-111.68,-112.06,-112.47,-112.89,-113.33,-113.78,-114.25,-114.75,-115.32,-115.93,-116.57,-117.25,-117.93,-118.61,-119.2,-119.79,-120.51,-121.46,-122.8,-125.83,-142.4,-133.33,-148.08,-149.19,-149.6,-150.03,-151.22,-154.28,-155.79,-156.6,-157.18,-157.8,-158.75,-160.64,-163.25,-165.58,-167.89,-170.18,-172.26,-174.32,-183.91,-180.41,-190.43,-183.55,-195.77
