-4.5048,-8.9304,-13.227,-17.349,-21.293,-25.069,-28.699,-32.195,-35.559,-38.798,-41.888,-44.759,-47.507,-50.217,-52.603,-54.985,-57.004,-58.962,-60.422,-61.398,-62.396,-63.299,-64.067,-64.877,-65.803,-66.618,-67.553,-68.387,-69.028,-69.449,-69.862,-70.119,-70.308,-69.705,-69.379,-69.521,-69.918,-70.562,-70.993,-72.387,-74.019,-75.423,-75.842,-76.825,-77.552,-78.48,-79.639,-80.085,-80.339
-4.5048,-8.9304,-13.227,-17.349,-21.293,-25.069,-28.699,-32.195,-35.559,-38.798,-41.888,-44.759,-47.507,-50.217,-52.603,-54.985,-57.004,-58.962,-60.422,-61.398,-62.396,-63.299,-64.067,-64.877,-65.803,-66.618,-67.553,-68.387,-69.028,-69.449,-69.862,-70.119,-70.308,-69.705,-69.379,-69.521,-69.918,-70.562,-70.993,-72.387,-74.019,-75.423,-75.842,-76.825,-77.552,-78.48,-79.639,-80.085,-80.339
-4.5048,-8.9304,-13.227,-17.349,-21.293,-25.069,-28.699,-32.195,-35.559,-38.798,-41.888,-44.759,-47.507,-50.217,-52.603,-54.985,-57.004,-58.962,-60.422,-61.398,-62.396,-63.299,-64.067,-64.877,-65.803,-66.618,-67.553,-68.387,-69.028,-69.449,-69.862,-70.119,-70.308,-69.705,-69.379,-69.521,-69.918,-70.562,-70.993,-72.387,-74.019,-75.423,-75.842,-76.825,-77.552,-78.48,-79.639,-80.085,-80.339
-4.5048,-8.9304,-13.227,-17.349,-21.293,-25.069,-28.699,-32.195,-35.559,-38.798,-41.888,-44.759,-47.507,-50.217,-52.603,-54.985,-57.004,-58.962,-60.422,-61.398,-62.396,-63.299,-64.067,-64.877,-65.803,-66.618,-67.553,-68.387,-69.028,-69.449,-69.862,-70.119,-70.308,-69.705,-69.379,-69.521,-69.918,-70.562,-70.993,-72.387,-74.019,-75.423,-75.842,-76.825,-77.552,-78.48,-79.639,-80.085,-80.339
-4.5048,-8.9304,-13.227,-17.349,-21.293,-25.069,-28.699,-32.195,-35.559,-38.798,-41.888,-44.759,-47.507,-50.217,-52.603,-54.985,-57.004,-58.962,-60.422,-61.398,-62.396,-63.299,-64.067,-64.877,-65.803,-66.618,-67.553,-68.387,-69.028,-69.449,-69.862,-70.119,-70.308,-69.705,-69.379,-69.521,-69.918,-70.562,-70.993,-72.387,-74.019,-75.423,-75.842,-76.825,-77.552,-78.48,-79.639,-80.085,-80.339
-4.5048,-8.9304,-13.227,-17.349,-21.293,-25.069,-28.699,-32.195,-35.559,-38.798,-41.888,-44.759,-47.507,-50.217,-52.603,-54.985,-57.004,-58.962,-60.422,-61.398,-62.396,-63.299,-64.067,-64.877,-65.803,-66.618,-67.553,-68.387,-69.028,-69.449,-69.862,-70.119,-70.308,-69.705,-69.379,-69.521,-69.918,-70.562,-70.993,-72.387,-74.019,-75.423,-75.842,-76.825,-77.552,-78.48,-79.639,-80.085,-80.339
-4.5048,-8.9304,-13.227,-17.349,-21.293,-25.069,-28.699,-32.195,-35.559,-38.798,-41.888,-44.759,-47.507,-50.217,-52.603,-54.985,-57.004,-58.962,-60.422,-61.398,-62.396,-63.299,-64.067,-64.877,-65.803,-66.618,-67.553,-68.387,-69.028,-69.449,-69.862,-70.119,-70.308,-69.705,-69.379,-69.521,-69.918,-70.562,-70.993,-72.387,-74.019,-75.423,-75.842,-76.825,-77.552,-78.48,-79.639,-80.085,-80.339
-4.5048,-8.9304,-13.227,-17.349,-21.293,-25.069,-28.699,-32.195,-35.559,-38.798,-41.888,-44.759,-47.507,-50.217,-52.603,-54.985,-57.004,-58.962,-60.422,-61.398,-62.396,-63.299,-64.067,-64.877,-65.803,-66.618,-67.553,-68.387,-69.028,-69.449,-69.862,-70.119,-70.308,-69.705,-69.379,-69.521,-69.918,-70.562,-70.993,-72.387,-74.019,-75.423,-75.842,-76.825,-77.552,-78.48,-79.639,-80.085,-80.339
-4.5048,-8.9304,-13.227,-17.349,-21.293,-25.069,-28.699,-32.195,-35.559,-38.798,-41.888,-44.759,-47.507,-50.217,-52.603,-54.985,-57.004,-58.962,-60.422,-61.398,-62.396,-63.299,-64.067,-64.877,-65.803,-66.618,-67.553,-68.387,-69.028,-69.449,-69.862,-70.119,-70.308,-69.705,-69.379,-69.521,-69.918,-70.562,-70.993,-72.387,-74.019,-75.423,-75.842,-76.825,-77.552,-78.48,-79.639,-80.085,-80.339
-4.5048,-8.9304,-13.227,-17.349,-21.293,-25.069,-28.699,-32.195,-35.559,-38.798,-41.888,-44.759,-47.507,-50.217,-52.603,-54.985,-57.004,-58.962,-60.422,-61.398,-62.396,-63.299,-64.067,-64.877,-65.803,-66.618,-67.553,-68.387,-69.028,-69.449,-69.862,-70.119,-70.308,-69.705,-69.379,-69.521,-69.918,-70.562,-70.993,-72.387,-74.019,-75.423,-75.842,-76.825,-77.552,-78.48,-79.639,-80.085,-80.339
-4.5048,-8.9304,-13.227,-17.349,-21.293,-25.069,-28.699,-32.195,-35.559,-38.798,-41.888,-44.759,-47.507,-50.217,-52.603,-54.985,-57.004,-58.962,-60.422,-61.398,-62.396,-63.299,-64.067,-64.877,-65.803,-66.618,-67.553,-68.387,-69.028,-69.449,-69.862,-70.119,-70.308,-69.705,-69.379,-69.521,-69.918,-70.562,-70.993,-72.387,-74.019,-75.423,-75.842,-76.825,-77.552,-78.48,-79.639,-80.085,-80.339
-4.5048,-8.9304,-13.227,-17.349,-21.293,-25.069,-28.699,-32.195,-35.559,-38.798,-41.888,-44.759,-47.507,-50.217,-52.603,-54.985,-57.004,-58.962,-60.422,-61.398,-62.396,-63.299,-64.067,-64.877,-65.803,-66.618,-67.553,-68.387,-69.028,-69.449,-69.862,-70.119,-70.308,-69.705,-69.379,-69.521,-69.918,-70.562,-70.993,-72.387,-74.019,-75.423,-75.842,-76.825,-77.552,-78.48,-79.639,-80.085,-80.339
-4.5048,-8.9304,-13.227,-17.349,-21.293,-25.069,-28.699,-32.195,-35.559,-38.798,-41.888,-44.759,-47.507,-50.217,-52.603,-54.985,-57.004,-58.962,-60.422,-61.398,-62.396,-63.299,-64.067,-64.877,-65.803,-66.618,-67.553,-68.387,-69.028,-69.449,-69.862,-70.119,-70.308,-69.705,-69.379,-69.521,-69.918,-70.562,-70.993,-72.387,-74.019,-75.423,-75.842,-76.825,-77.552,-78.48,-79.639,-80.085,-80.339
-4.5048,-8.9304,-13.227,-17.349,-21.293,-25.069,-28.699,-32.195,-35.559,-38.798,-41.888,-44.759,-47.507,-50.217,-52.603,-54.985,-57.004,-58.962,-60.422,-61.398,-62.396,-63.299,-64.067,-64.877,-65.803,-66.618,-67.553,-68.387,-69.028,-69.449,-69.862,-70.119,-70.308,-69.705,-69.379,-69.521,-69.918,-70.562,-70.993,-72.387,-74.019,-75.423,-75.842,-76.825,-77.552,-78.48,-79.639,-80.085,-80.339
-4.5048,-8.9304,-13.227,-17.349,-21.293,-25.069,-28.699,-32.195,-35.559,-38.798,-41.888,-44.759,-47.507,-50.217,-52.603,-54.985,-57.004,-58.962,-60.422,-61.398,-62.396,-63.299,-64.067,-64.877,-65.803,-66.618,-67.553,-68.387,-69.028,-69.449,-69.862,-70.119,-70.308,-69.705,-69.379,-69.521,-69.918,-70.562,-70.993,-72.387,-74.019,-75.423,-75.842,-76.825,-77.552,-78.48,-79.639,-80.085,-80.339
-4.5048,-8.9304,-13.227,-17.349,-21.293,-25.069,-28.699,-32.195,-35.559,-38.798,-41.888,-44.759,-47.507,-50.217,-52.603,-54.985,-57.004,-58.962,-60.422,-61.398,-62.396,-63.299,-64.067,-64.877,-65.803,-66.618,-67.553,-68.387,-69.028,-69.449,-69.862,-70.119,-70.308,-69.705,-69.379,-69.521,-69.918,-70.562,-70.993,-72.387,-74.019,-75.423,-75.842,-76.825,-77.552,-78.48,-79.639,-80.085,-80.339
-4.5048,-8.9304,-13.227,-17.349,-21.293,-25.069,-28.699,-32.195,-35.559,-38.798,-41.888,-44.759,-47.507,-50.217,-52.603,-54.985,-57.004,-58.962,-60.422,-61.398,-62.396,-63.299,-64.067,-64.877,-65.803,-66.618,-67.553,-68.387,-69.028,-69.449,-69.862,-70.119,-70.308,-69.705,-69.379,-69.521,-69.918,-70.562,-70.993,-72.387,-74.019,-75.423,-75.842,-76.825,-77.552,-78.48,-79.639,-80.085,-80.339
-4.4901,-8.9016,-13.185,-17.296,-21.229,-24.996,-28.617,-32.105,-35.461,-38.693,-41.781,-44.648,-47.389,-50.098,-52.487,-54.864,-56.899,-58.849,-60.354,-61.342,-62.321,-63.245,-64.008,-64.811,-65.723,-66.554,-67.466,-68.318,-68.975,-69.423,-69.79,-70.14,-70.269,-69.827,-69.379,-69.495,-69.849,-70.484,-70.905,-72.185,-73.788,-75.353,-75.776,-76.635,-77.513,-78.351,-78.335,-76.36,-73.801
-4.3588,-8.6457,-12.815,-16.822,-20.663,-24.344,-27.883,-31.297,-34.587,-37.755,-40.811,-43.653,-46.348,-49.005,-51.465,-53.751,-55.945,-57.8,-59.632,-60.789,-61.678,-62.695,-63.486,-64.24,-65.036,-65.949,-66.712,-67.636,-68.428,-69.04,-69.447,-69.832,-70.134,-70.269,-69.858,-69.381,-69.478,-69.788,-70.39,-70.824,-71.877,-73.365,-73.775,-71.644,-70.14,-68.948,-67.327,-65.462,-64.195
-4.171,-8.2792,-12.283,-16.141,-19.846,-23.402,-26.825,-30.131,-33.321,-36.399,-39.376,-42.204,-44.851,-47.393,-49.916,-52.159,-54.367,-56.365,-58.146,-59.826,-60.883,-61.723,-62.7,-63.459,-64.178,-64.933,-65.795,-66.556,-67.398,-68.21,-68.853,-69.322,-69.592,-70.137,-70.086,-70.325,-69.502,-69.461,-69.165,-68.44,-67.264,-65.741,-65.037,-64.012,-63.064,-61.622,-60.641,-59.356,-58.198
-3.9792,-7.9044,-11.737,-15.441,-19.005,-22.432,-25.734,-28.924,-32.01,-34.993,-37.875,-40.667,-43.277,-45.757,-48.179,-50.537,-52.625,-54.737,-56.582,-58.289,-59.867,-60.869,-61.669,-62.599,-63.353,-64.033,-64.743,-65.53,-66.347,-66.914,-67.012,-66.902,-66.513,-66.023,-65.593,-64.849,-64.311,-63.431,-62.573,-61.846,-60.871,-59.762,-59.213,-58.149,-57.419,-56.348,-56.119,-55.181,-53.663
-3.79,-7.5342,-11.196,-14.746,-18.168,-21.466,-24.646,-27.719,-30.699,-33.584,-36.376,-39.085,-41.682,-44.115,-46.445,-48.756,-50.954,-52.916,-54.733,-55.865,-56.661,-57.45,-58.106,-58.662,-59.159,-59.416,-59.732,-60.075,-60.164,-60.103,-60.176,-60.282,-60.119,-59.977,-59.867,-59.529,-58.964,-58.244,-57.389,-56.969,-56.433,-55.689,-54.538,-53.894,-53.766,-53.002,-52.084,-51.733,-49.86
-3.6202,-7.2016,-10.708,-14.118,-17.411,-20.591,-23.659,-26.627,-29.508,-32.301,-35.01,-37.635,-40.188,-42.601,-44.901,-47.1,-48.511,-49.555,-50.489,-51.425,-52.201,-52.832,-53.482,-54.051,-54.435,-54.774,-54.885,-55.275,-55.488,-55.473,-55.558,-55.842,-55.57,-55.535,-55.7,-55.136,-54.68,-54.451,-53.641,-52.772,-52.514,-51.84,-51.102,-51.192,-50.014,-49.74,-48.538,-47.934,-46.804
-3.4826,-6.9318,-10.312,-13.606,-16.794,-19.875,-22.851,-25.735,-28.531,-31.249,-33.887,-36.447,-38.95,-41.3,-42.713,-44.004,-45.126,-46.082,-47.036,-47.823,-48.596,-49.226,-49.732,-50.299,-50.649,-51.007,-51.13,-51.558,-51.611,-51.953,-51.993,-52.059,-52.001,-52.197,-51.792,-51.69,-51.396,-50.966,-50.412,-49.624,-49.151,-48.792,-48.11,-48.039,-47.321,-47.072,-46.643,-45.935,-44.504
-3.3366,-6.6452,-9.8911,-13.061,-16.135,-19.11,-21.988,-24.778,-27.485,-30.12,-32.7,-35.08,-36.971,-38.492,-39.845,-41.052,-42.062,-43.054,-44.005,-44.778,-45.429,-46.074,-46.505,-47.08,-47.473,-47.869,-48.137,-48.391,-48.59,-48.781,-48.995,-48.995,-49.108,-49.24,-49.214,-49.017,-48.623,-48.052,-47.568,-47.276,-46.408,-45.848,-45.716,-45.696,-44.739,-44.365,-43.705,-43.321,-42.198
-3.2349,-6.4453,-9.5969,-12.68,-15.673,-18.573,-21.382,-24.107,-26.76,-29.178,-31.287,-33.03,-34.651,-36.097,-37.383,-38.535,-39.582,-40.57,-41.45,-42.239,-42.888,-43.395,-43.999,-44.412,-44.847,-45.114,-45.422,-45.605,-45.856,-46.024,-46.311,-46.602,-46.341,-46.273,-46.525,-46.228,-46.188,-45.338,-44.883,-44.588,-44.111,-43.349,-43.284,-43.087,-42.74,-42.15,-41.061,-41.036,-40.658
-3.0769,-6.1346,-9.1392,-12.085,-14.952,-17.737,-20.423,-22.9,-25.087,-27.011,-28.854,-30.545,-32.076,-33.496,-34.834,-36.025,-37.087,-38.033,-38.876,-39.636,-40.324,-40.813,-41.446,-41.804,-42.207,-42.653,-42.932,-43.148,-43.426,-43.631,-43.968,-44.185,-44.277,-44.188,-44.208,-44.015,-43.873,-43.81,-42.97,-42.633,-42.118,-41.619,-41.573,-41.382,-41.044,-40.461,-40.045,-39.216,-38.342
-2.9735,-5.9311,-8.8394,-11.695,-14.456,-17.067,-19.292,-21.409,-23.377,-25.224,-26.982,-28.61,-30.091,-31.454,-32.733,-33.898,-34.878,-35.831,-36.694,-37.42,-38.111,-38.785,-39.328,-39.709,-40.07,-40.516,-40.834,-41.047,-41.444,-41.536,-41.768,-41.987,-42.279,-42.251,-42.208,-42.025,-41.954,-41.773,-41.496,-41.102,-40.52,-39.879,-39.763,-39.465,-38.875,-38.987,-38.058,-38.168,-37.56
-2.8929,-5.706,-8.477,-11.076,-13.521,-15.818,-17.97,-19.965,-21.829,-23.586,-25.254,-26.799,-28.232,-29.564,-30.788,-31.862,-32.952,-33.839,-34.675,-35.469,-36.043,-36.754,-37.161,-37.757,-38.173,-38.5,-38.818,-39.121,-39.495,-39.76,-39.899,-40.037,-40.343,-40.415,-40.199,-40.172,-40.005,-39.728,-39.333,-38.856,-38.876,-38.127,-37.915,-37.627,-37.882,-37.042,-37.112,-36.704,-36.045
-2.7411,-5.3734,-7.9017,-10.398,-12.721,-14.908,-16.955,-18.876,-20.664,-22.346,-23.917,-25.364,-26.724,-28.011,-29.191,-30.277,-31.311,-32.229,-33.02,-33.779,-34.482,-35.064,-35.549,-36.086,-36.519,-36.824,-37.233,-37.599,-37.863,-37.983,-38.265,-38.554,-38.755,-38.863,-38.86,-38.726,-38.459,-38.068,-37.454,-37.198,-37.141,-36.964,-36.612,-35.952,-36.151,-35.744,-34.781,-34.804,-34.471
-2.8018,-4.9348,-7.3524,-9.6126,-11.784,-13.825,-15.808,-17.597,-19.301,-20.89,-22.381,-23.779,-25.083,-26.344,-27.477,-28.511,-29.508,-30.405,-31.206,-31.893,-32.552,-33.197,-33.741,-34.19,-34.723,-35.195,-35.588,-35.875,-36.227,-36.54,-36.651,-36.91,-37.067,-37.121,-37.01,-37.218,-37.115,-36.667,-36.163,-36.159,-35.405,-35.187,-34.849,-35.075,-34.759,-34.334,-33.521,-33.499,-32.919
-2.9034,-4.6962,-6.8188,-8.9852,-11.017,-12.952,-14.806,-16.529,-18.156,-19.663,-21.107,-22.465,-23.717,-24.847,-25.955,-26.992,-27.952,-28.834,-29.639,-30.362,-30.991,-31.605,-32.216,-32.584,-33.055,-33.429,-33.918,-34.4,-34.691,-34.858,-35.137,-35.293,-35.563,-35.859,-35.67,-35.781,-35.675,-35.118,-35.149,-34.479,-34.362,-34.096,-33.594,-33.803,-33.44,-32.979,-32.841,-32.651,-32.247
-2.2133,-4.3899,-6.4267,-8.386,-10.345,-12.181,-13.926,-15.594,-17.118,-18.583,-19.96,-21.253,-22.463,-23.586,-24.653,-25.656,-26.6,-27.454,-28.166,-28.912,-29.593,-30.209,-30.758,-31.234,-31.647,-32.174,-32.435,-32.807,-33.13,-33.573,-33.989,-34.083,-34.292,-34.56,-34.288,-34.386,-34.071,-34.109,-33.514,-33.431,-33.256,-32.941,-32.375,-32.559,-32.156,-32.252,-31.67,-31.599,-30.587
-2.0726,-4.0839,-6.0852,-7.9584,-9.7947,-11.548,-13.236,-14.807,-16.282,-17.673,-19.016,-20.275,-21.396,-22.521,-23.582,-24.483,-25.414,-26.227,-26.938,-27.634,-28.356,-28.884,-29.48,-29.952,-30.347,-30.805,-31.232,-31.781,-32.12,-32.312,-32.705,-32.883,-33.128,-33.126,-33.283,-32.987,-33.061,-32.5,-32.449,-32.298,-32.047,-31.53,-31.721,-31.353,-30.886,-30.618,-30.305,-30.053,-29.808
-2.0745,-3.8407,-5.6656,-7.4782,-9.1859,-10.865,-12.434,-13.949,-15.368,-16.716,-17.997,-19.195,-20.282,-21.374,-22.368,-23.249,-24.097,-24.894,-25.643,-26.344,-26.997,-27.603,-28.161,-28.672,-29.133,-29.533,-29.923,-30.433,-30.679,-31.087,-31.492,-31.669,-31.824,-32.098,-32.008,-32,-32.087,-31.502,-31.412,-31.238,-30.955,-30.335,-30.496,-30.087,-30.196,-29.692,-29.522,-29.407,-29.2
-2.1753,-3.701,-5.3152,-6.9757,-8.6161,-10.162,-11.672,-13.093,-14.463,-15.777,-16.976,-18.105,-19.206,-20.206,-21.182,-22.071,-22.856,-23.671,-24.45,-25.155,-25.743,-26.298,-26.789,-27.367,-27.886,-28.277,-28.786,-29.267,-29.545,-29.858,-30.232,-30.562,-30.826,-30.723,-30.909,-31.019,-31.077,-30.898,-30.385,-30.223,-29.93,-29.561,-29.715,-29.364,-29.451,-28.886,-28.866,-27.868,-27.471
-1.6999,-3.3933,-5.043,-6.6269,-8.1471,-9.6645,-11.083,-12.459,-13.764,-15.018,-16.203,-17.283,-18.317,-19.311,-20.214,-21.1,-21.917,-22.662,-23.383,-24.07,-24.727,-25.333,-25.782,-26.336,-26.87,-27.311,-27.615,-28.053,-28.449,-28.81,-29.135,-29.421,-29.662,-29.856,-29.996,-30.077,-30.105,-29.728,-29.311,-29.067,-28.61,-28.449,-28.598,-28.144,-28.205,-28.216,-28.202,-28.089,-26.691
-1.6683,-3.2106,-4.7532,-6.2775,-7.7508,-9.1588,-10.545,-11.844,-13.103,-14.303,-15.447,-16.482,-17.499,-18.488,-19.392,-20.217,-21.024,-21.763,-22.423,-23.062,-23.667,-24.241,-24.785,-25.299,-25.784,-26.24,-26.665,-27.053,-27.428,-27.931,-28.341,-28.581,-28.8,-28.97,-29.083,-29.132,-29.129,-28.472,-28.205,-27.828,-27.662,-27.82,-27.534,-27.504,-27.545,-27.424,-26.719,-26.411,-25.91
-1.7029,-3.105,-4.5216,-5.9449,-7.354,-8.7153,-10.003,-11.265,-12.466,-13.629,-14.72,-15.766,-16.742,-17.645,-18.509,-19.343,-20.081,-20.812,-21.518,-22.192,-22.742,-23.258,-23.849,-24.443,-24.886,-25.286,-25.791,-26.311,-26.638,-26.941,-27.203,-27.387,-27.753,-28.118,-28.169,-28.183,-28.124,-27.996,-27.792,-27.481,-26.898,-26.685,-26.79,-26.856,-26.904,-26.51,-25.975,-25.707,-25.129
-1.4229,-2.8771,-4.2917,-5.6639,-6.9803,-8.2555,-9.5161,-10.713,-11.88,-12.969,-14.015,-15.046,-16.035,-16.851,-17.693,-18.49,-19.257,-20.024,-20.7,-21.289,-21.835,-22.439,-22.927,-23.436,-23.985,-24.358,-24.853,-25.312,-25.629,-26.088,-26.399,-26.545,-26.877,-27.232,-27.253,-27.23,-27.127,-26.946,-26.672,-26.288,-26.43,-26.045,-26.152,-26.218,-25.945,-25.575,-25.319,-25.016,-24.348
-1.376,-2.7226,-4.0496,-5.3571,-6.6364,-7.8698,-9.0441,-10.199,-11.301,-12.371,-13.374,-14.331,-15.259,-16.162,-16.92,-17.694,-18.431,-19.142,-19.844,-20.489,-21.031,-21.497,-22.048,-22.582,-23.101,-23.605,-23.976,-24.377,-24.829,-25.06,-25.473,-25.729,-26.002,-26.345,-26.322,-26.409,-26.682,-26.546,-26.3,-25.927,-25.328,-25.435,-25.527,-24.97,-24.918,-24.84,-24.663,-24.34,-23.566
-1.3482,-2.6937,-3.9969,-5.259,-6.4742,-7.6771,-8.8606,-9.9678,-11.042,-12.078,-13.092,-14.012,-14.894,-15.785,-16.612,-17.333,-18.056,-18.749,-19.396,-19.96,-20.523,-21.067,-21.595,-22.106,-22.601,-23.081,-23.545,-23.995,-24.229,-24.623,-25.018,-25.39,-25.428,-25.525,-25.826,-25.694,-25.453,-25.027,-25.1,-24.773,-24.845,-24.379,-24.331,-24.27,-24.135,-23.827,-24.024,-24.304,-23.566
-1.2167,-2.5017,-3.7537,-4.9757,-6.1641,-7.309,-8.4086,-9.4929,-10.529,-11.536,-12.486,-13.384,-14.246,-15.079,-15.869,-16.627,-17.297,-17.969,-18.605,-19.234,-19.737,-20.236,-20.83,-21.414,-21.89,-22.339,-22.784,-23.215,-23.44,-23.804,-24.18,-24.534,-24.606,-24.919,-24.9,-25.154,-25.1,-24.761,-24.162,-24.134,-23.683,-23.727,-23.711,-23.643,-23.458,-23.629,-23.873,-23.685,-22.784
-1.2864,-2.4414,-3.5841,-4.7174,-5.8386,-6.9394,-8.0063,-9.0215,-10.006,-10.961,-11.896,-12.785,-13.591,-14.382,-15.199,-15.888,-16.553,-17.193,-17.898,-18.436,-19,-19.56,-20.101,-20.528,-20.975,-21.509,-22.044,-22.444,-22.654,-22.985,-23.343,-23.68,-24.002,-24.052,-24.29,-24.346,-24.029,-24.193,-24.012,-23.524,-23.26,-23.117,-23.098,-22.972,-23.196,-23.444,-23.396,-23.053,-22.002
-1.1186,-2.2578,-3.3748,-4.4696,-5.5391,-6.5774,-7.5825,-8.5787,-9.5346,-10.431,-11.305,-12.157,-12.988,-13.762,-14.508,-15.217,-15.889,-16.483,-17.081,-17.659,-18.224,-18.779,-19.306,-19.863,-20.266,-20.642,-21.134,-21.604,-22.071,-22.396,-22.743,-22.824,-23.123,-23.41,-23.582,-23.594,-23.763,-23.277,-23.303,-23.062,-23.004,-22.504,-22.495,-22.437,-22.714,-23.016,-22.788,-22.448,-21.219
-1.1922,-2.2669,-3.3316,-4.3866,-5.4292,-6.4533,-7.4497,-8.4064,-9.3396,-10.243,-11.095,-11.92,-12.726,-13.507,-14.2,-14.875,-15.535,-16.184,-16.848,-17.415,-17.967,-18.467,-18.95,-19.461,-19.96,-20.47,-20.895,-21.246,-21.601,-21.94,-22.261,-22.566,-22.791,-22.811,-23.049,-23.257,-22.933,-22.303,-22.388,-21.898,-21.858,-22.134,-22.401,-22.422,-22.275,-22.001,-21.39,-21.615,-21.219
-1.0298,-2.096,-3.1395,-4.1612,-5.1598,-6.1314,-7.071,-7.9976,-8.9008,-9.757,-10.591,-11.385,-12.147,-12.878,-13.587,-14.254,-14.887,-15.517,-16.146,-16.674,-17.217,-17.738,-18.25,-18.752,-19.236,-19.723,-20.139,-20.468,-20.804,-21.122,-21.424,-21.708,-21.975,-22.222,-22.456,-22.301,-22.463,-22.147,-21.787,-21.315,-21.387,-21.653,-21.956,-21.829,-21.683,-21.412,-21.315,-21.485,-20.786
-0.98696,-2.04,-3.0662,-4.0711,-5.0562,-6.0196,-6.9557,-7.8554,-8.72,-9.5659,-10.376,-11.16,-11.92,-12.674,-13.361,-13.996,-14.62,-15.231,-15.848,-16.45,-16.955,-17.479,-17.981,-18.468,-18.945,-19.343,-19.764,-20.195,-20.603,-20.876,-21.163,-21.432,-21.681,-21.914,-21.913,-21.922,-21.773,-21.237,-21.236,-21.328,-21.332,-21.284,-21.172,-20.905,-21.076,-21.307,-20.811,-20.345,-20.436
-0.94979,-1.9477,-2.9235,-3.8788,-4.8129,-5.7237,-6.6069,-7.4722,-8.3249,-9.1325,-9.8959,-10.644,-11.391,-12.123,-12.804,-13.463,-14.076,-14.665,-15.262,-15.84,-16.325,-16.828,-17.312,-17.787,-18.253,-18.696,-19.163,-19.457,-19.884,-20.296,-20.616,-20.861,-21.106,-21.332,-21.543,-21.345,-21.488,-20.684,-20.725,-20.753,-20.75,-20.702,-20.588,-20.378,-20.624,-20.882,-20.2,-20.106,-20.019
-0.94832,-1.8859,-2.8005,-3.6944,-4.568,-5.4217,-6.2687,-7.1039,-7.9107,-8.697,-9.4652,-10.183,-10.869,-11.544,-12.23,-12.872,-13.446,-14.013,-14.57,-15.121,-15.692,-16.177,-16.643,-17.104,-17.552,-17.992,-18.425,-18.829,-19.272,-19.517,-19.739,-20.132,-20.491,-20.787,-20.629,-20.782,-20.924,-20.726,-20.145,-20.184,-20.177,-20.13,-20.014,-19.983,-20.177,-20.271,-19.814,-19.984,-19.602
-0.87705,-1.8115,-2.7252,-3.6199,-4.4959,-5.3518,-6.1846,-6.992,-7.7888,-8.5638,-9.2998,-10.014,-10.707,-11.381,-12.033,-12.663,-13.268,-13.831,-14.38,-14.924,-15.46,-16.019,-16.514,-16.956,-17.404,-17.822,-18.202,-18.545,-18.924,-19.299,-19.488,-19.759,-20.051,-20.325,-20.263,-20.402,-20.275,-20.117,-19.6,-19.594,-19.456,-19.715,-19.966,-19.793,-19.646,-19.811,-19.616,-19.505,-19.602
-0.86463,-1.7421,-2.6011,-3.4428,-4.2672,-5.0733,-5.8652,-6.6512,-7.418,-8.1518,-8.8697,-9.5656,-10.225,-10.864,-11.5,-12.145,-12.739,-13.276,-13.808,-14.331,-14.848,-15.389,-15.853,-16.282,-16.714,-17.131,-17.541,-17.944,-18.32,-18.735,-18.963,-19.179,-19.379,-19.558,-19.714,-19.843,-19.955,-19.551,-19.063,-19.035,-19.046,-19.267,-19.505,-19.228,-19.224,-19.391,-19.052,-19.086,-19.185
-0.81571,-1.6855,-2.5366,-3.3708,-4.1885,-4.989,-5.7699,-6.528,-7.2661,-7.9915,-8.6937,-9.3727,-10.035,-10.678,-11.307,-11.913,-12.504,-13.068,-13.594,-14.109,-14.619,-15.123,-15.649,-16.126,-16.53,-16.952,-17.334,-17.716,-17.991,-18.341,-18.704,-18.862,-19.04,-19.196,-19.324,-19.432,-19.022,-19.059,-18.746,-19.047,-18.965,-18.798,-18.71,-18.883,-18.826,-18.791,-18.987,-18.468,-18.484
-0.77428,-1.6134,-2.4303,-3.2274,-4.0061,-4.7665,-5.5074,-6.232,-6.947,-7.6469,-8.328,-8.9987,-9.6464,-10.266,-10.871,-11.451,-12.011,-12.562,-13.118,-13.655,-14.173,-14.665,-15.074,-15.482,-15.954,-16.439,-16.797,-17.217,-17.424,-17.792,-18.158,-18.347,-18.476,-18.768,-19.057,-18.882,-18.968,-19.024,-18.504,-18.481,-18.397,-18.368,-18.56,-18.7,-18.529,-18.679,-18.469,-18.367,-18.449
-0.6601,-1.5132,-2.3385,-3.1408,-3.9232,-4.6873,-5.4329,-6.1586,-6.8616,-7.5439,-8.2164,-8.8645,-9.4812,-10.084,-10.681,-11.275,-11.849,-12.408,-12.947,-13.448,-13.935,-14.435,-14.925,-15.312,-15.722,-16.112,-16.495,-16.87,-17.229,-17.58,-17.831,-18.128,-18.433,-18.695,-18.791,-18.449,-18.496,-17.953,-17.904,-17.834,-18.052,-18.284,-18.032,-18.207,-18.229,-18.099,-18.271,-18.055,-18.099
-0.70642,-1.5239,-2.3177,-3.0911,-3.846,-4.5831,-5.302,-6.0014,-6.6875,-7.3634,-8.02,-8.6557,-9.2779,-9.8828,-10.476,-11.052,-11.608,-12.151,-12.656,-13.141,-13.619,-14.093,-14.568,-15.061,-15.451,-15.84,-16.219,-16.588,-16.928,-17.308,-17.464,-17.798,-18.135,-18.247,-18.353,-17.958,-17.746,-17.678,-17.504,-17.68,-17.639,-17.676,-17.85,-17.547,-17.717,-17.278,-16.951,-17.71,-17.3
-0.74218,-1.5071,-2.2531,-2.9824,-3.6963,-4.3953,-5.0795,-5.7552,-6.4226,-7.0758,-7.7139,-8.343,-8.9521,-9.5367,-10.109,-10.659,-11.189,-11.709,-12.232,-12.748,-13.226,-13.686,-14.145,-14.627,-15.021,-15.391,-15.763,-16.121,-16.456,-16.807,-16.977,-17.3,-17.608,-17.762,-17.849,-17.917,-17.43,-17.426,-17.369,-17.248,-17.146,-17.322,-17.321,-17.523,-17.761,-17.081,-16.979,-17.345,-17.347
-0.69448,-1.447,-2.184,-2.9072,-3.6171,-4.3139,-4.9966,-5.6639,-6.3134,-6.9472,-7.5699,-8.18,-8.7782,-9.3659,-9.9392,-10.513,-11.072,-11.567,-12.039,-12.519,-13.074,-13.55,-13.912,-14.288,-14.746,-15.185,-15.53,-15.893,-16.238,-16.567,-16.883,-17.154,-17.245,-17.339,-17.407,-17.344,-17.407,-16.787,-16.594,-16.815,-17.058,-17.042,-17.199,-16.909,-17.036,-16.818,-16.597,-17.322,-16.947
-0.6491,-1.3767,-2.0858,-2.7786,-3.4567,-4.1208,-4.771,-5.407,-6.032,-6.6503,-7.2561,-7.8434,-8.4187,-8.9822,-9.5315,-10.072,-10.598,-11.107,-11.606,-12.074,-12.519,-12.956,-13.39,-13.818,-14.268,-14.69,-15.017,-15.371,-15.705,-16.032,-16.326,-16.665,-16.741,-16.831,-16.89,-16.921,-16.932,-16.501,-16.299,-16.454,-16.45,-16.657,-16.888,-16.844,-16.989,-16.394,-16.243,-16.933,-16.594
-0.70763,-1.4094,-2.0923,-2.7593,-3.4122,-4.0521,-4.6789,-5.2973,-5.9108,-6.516,-7.1101,-7.6985,-8.2726,-8.8246,-9.3643,-9.8899,-10.394,-10.885,-11.37,-11.86,-12.336,-12.777,-13.204,-13.634,-14.085,-14.446,-14.784,-15.126,-15.453,-15.758,-16.073,-16.211,-16.504,-16.777,-16.893,-16.496,-16.515,-16.291,-16.154,-16.154,-16.316,-16.335,-16.487,-16.36,-16.207,-16.557,-15.918,-16.607,-16.179
-0.61773,-1.3104,-1.9888,-2.6544,-3.3081,-3.9501,-4.5804,-5.1984,-5.803,-6.3937,-6.9749,-7.5469,-8.1081,-8.6669,-9.2155,-9.7365,-10.23,-10.714,-11.196,-11.68,-12.139,-12.568,-12.989,-13.427,-13.854,-14.177,-14.523,-14.85,-15.171,-15.485,-15.787,-16.064,-16.342,-16.367,-16.409,-16.209,-16.152,-15.576,-15.787,-16.029,-16.004,-16.159,-16.172,-16.283,-15.883,-15.887,-15.659,-16.163,-15.731
-0.61908,-1.2817,-1.9314,-2.5695,-3.1967,-3.8132,-4.419,-5.014,-5.5994,-6.1793,-6.7502,-7.3076,-7.8513,-8.3865,-8.9109,-9.4237,-9.9292,-10.421,-10.899,-11.369,-11.812,-12.231,-12.641,-13.073,-13.484,-13.795,-14.132,-14.45,-14.761,-15.066,-15.358,-15.629,-15.873,-15.886,-15.903,-15.89,-15.843,-15.756,-15.596,-15.557,-15.705,-15.725,-15.855,-15.851,-15.964,-15.739,-15.506,-16.234,-15.842
-0.63754,-1.2762,-1.9045,-2.5233,-3.1329,-3.7338,-4.3257,-4.9135,-5.4969,-6.0703,-6.6278,-7.169,-7.7021,-8.2247,-8.7353,-9.2383,-9.7277,-10.199,-10.658,-11.112,-11.571,-12.021,-12.445,-12.88,-13.232,-13.564,-13.867,-14.258,-14.663,-14.784,-15.101,-15.363,-15.615,-15.915,-15.841,-15.852,-15.199,-15.006,-15.205,-15.437,-15.402,-15.559,-15.55,-15.66,-15.516,-15.535,-15.217,-15.888,-15.41
-0.55413,-1.1965,-1.8262,-2.4444,-3.052,-3.6497,-4.2375,-4.8156,-5.3834,-5.9403,-6.4882,-7.0318,-7.5651,-8.0811,-8.5834,-9.0767,-9.5539,-10.014,-10.466,-10.916,-11.369,-11.804,-12.227,-12.641,-12.954,-13.285,-13.617,-14.044,-14.352,-14.63,-14.839,-15.054,-15.292,-15.419,-15.396,-15.372,-15.206,-15.161,-14.838,-15.029,-15.141,-15.186,-15.398,-15.158,-15.501,-15.274,-15.189,-15.206,-14.946
-0.52671,-1.1601,-1.7776,-2.3811,-2.9722,-3.552,-4.1209,-4.6794,-5.227,-5.7643,-6.295,-6.819,-7.3346,-7.8451,-8.3526,-8.8445,-9.3093,-9.7579,-10.2,-10.643,-11.085,-11.505,-11.897,-12.282,-12.677,-13.082,-13.389,-13.693,-13.992,-14.28,-14.542,-14.825,-14.907,-14.909,-14.874,-14.8,-14.672,-14.444,-14.624,-14.809,-14.797,-14.976,-14.79,-14.828,-14.986,-15.181,-14.798,-15.167,-15.089
-0.57784,-1.1744,-1.7611,-2.3385,-2.9073,-3.4678,-4.02,-4.5638,-5.1025,-5.6361,-6.1619,-6.6763,-7.1797,-7.6763,-8.1642,-8.6416,-9.113,-9.5752,-10.023,-10.464,-10.894,-11.294,-11.678,-12.057,-12.464,-12.832,-13.11,-13.416,-13.702,-13.983,-14.258,-14.517,-14.759,-14.947,-14.894,-14.859,-14.648,-14.594,-14.296,-14.44,-14.432,-14.642,-14.811,-14.855,-15.113,-14.874,-14.598,-15.001,-14.641
-0.39246,-1.0216,-1.6317,-2.2254,-2.805,-3.3719,-3.9274,-4.4722,-5.0065,-5.5302,-6.0427,-6.5436,-7.0373,-7.5241,-8.0017,-8.4698,-8.9319,-9.3829,-9.8205,-10.253,-10.668,-11.053,-11.43,-11.811,-12.212,-12.525,-12.827,-13.097,-13.453,-13.831,-13.922,-14.184,-14.44,-14.409,-14.349,-14.242,-14.06,-13.964,-14.089,-14.125,-14.308,-14.447,-14.565,-14.488,-14.493,-14.698,-14.731,-14.324,-14.161
-0.38465,-1.005,-1.6034,-2.1831,-2.7471,-3.2972,-3.835,-4.3613,-4.8765,-5.3805,-5.8729,-6.3565,-6.835,-7.3091,-7.782,-8.2559,-8.7201,-9.1639,-9.5917,-10.013,-10.411,-10.786,-11.154,-11.518,-11.879,-12.241,-12.628,-12.951,-13.21,-13.492,-13.758,-14.013,-14.238,-14.474,-14.409,-13.877,-13.678,-13.759,-13.763,-13.94,-14.085,-14.218,-14.134,-14.154,-14.372,-14.284,-14.078,-14.457,-14.336
-0.4939,-1.0625,-1.6187,-2.1641,-2.6997,-3.2264,-3.7446,-4.2547,-4.7566,-5.251,-5.7426,-6.2291,-6.7057,-7.1672,-7.6167,-8.0596,-8.4985,-8.9454,-9.3924,-9.8127,-10.188,-10.556,-10.919,-11.277,-11.631,-12.004,-12.37,-12.634,-12.911,-13.178,-13.436,-13.664,-13.924,-13.915,-13.835,-13.7,-13.46,-13.449,-13.603,-13.741,-13.938,-13.789,-13.819,-14.14,-14.156,-14.139,-14.344,-14.085,-13.872
-0.5385,-1.087,-1.6267,-2.1586,-2.6831,-3.201,-3.7123,-4.2174,-4.7184,-5.2193,-5.7154,-6.2009,-6.6698,-7.1228,-7.5692,-8.0111,-8.4506,-8.8882,-9.3177,-9.7335,-10.145,-10.545,-10.923,-11.316,-11.645,-11.923,-12.189,-12.545,-12.916,-13.147,-13.415,-13.482,-13.708,-13.94,-13.835,-13.7,-13.463,-13.185,-13.332,-13.505,-13.489,-13.787,-13.818,-13.817,-14.156,-13.74,-13.756,-14.032,-13.872
-0.47188,-1.0154,-1.5501,-2.0766,-2.5956,-3.1073,-3.6121,-4.1099,-4.6005,-5.0837,-5.5589,-6.0256,-6.4857,-6.9403,-7.3878,-7.8266,-8.26,-8.6871,-9.1035,-9.5095,-9.9118,-10.297,-10.657,-11.006,-11.355,-11.732,-12.059,-12.305,-12.579,-12.834,-13.08,-13.293,-13.493,-13.369,-13.227,-12.981,-12.847,-13.001,-13.131,-13.305,-13.361,-13.459,-13.538,-13.819,-13.456,-13.574,-13.723,-13.542,-13.375
-0.38782,-0.94398,-1.4856,-2.0145,-2.5321,-3.0396,-3.5379,-4.0275,-4.5086,-4.9813,-5.4454,-5.9012,-6.3521,-6.7974,-7.2351,-7.6646,-8.0895,-8.5062,-8.9106,-9.3104,-9.7011,-10.068,-10.417,-10.76,-11.118,-11.479,-11.743,-12.019,-12.258,-12.589,-12.936,-12.985,-13.211,-13.429,-13.32,-13.149,-12.763,-12.846,-13.037,-13.031,-13.156,-13.202,-13.483,-13.491,-13.467,-13.423,-13.377,-13.73,-13.583
-0.46708,-0.98184,-1.4885,-1.9877,-2.48,-2.9657,-3.4451,-3.9183,-4.3854,-4.8461,-5.3023,-5.7562,-6.2049,-6.6449,-7.0729,-7.4937,-7.9088,-8.314,-8.7061,-9.0894,-9.4675,-9.8582,-10.287,-10.665,-10.906,-11.191,-11.455,-11.826,-12.126,-12.362,-12.609,-12.812,-13.006,-12.854,-12.668,-12.387,-12.516,-12.492,-12.69,-12.838,-12.873,-13.147,-13.164,-13.151,-13.116,-13.115,-13.246,-13.283,-13.102
-0.47801,-0.99305,-1.498,-1.9941,-2.4823,-2.9633,-3.4377,-3.9059,-4.3679,-4.8248,-5.2801,-5.7318,-6.1763,-6.6092,-7.0323,-7.4503,-7.8592,-8.255,-8.6408,-9.021,-9.3996,-9.7816,-10.154,-10.505,-10.873,-11.192,-11.427,-11.691,-11.936,-12.175,-12.409,-12.619,-12.817,-12.862,-12.668,-12.269,-12.32,-12.463,-12.555,-12.809,-12.835,-12.839,-12.812,-13.159,-13.115,-13.015,-13.246,-13.283,-13.102
-0.49346,-0.98003,-1.4604,-1.9351,-2.4046,-2.8692,-3.3292,-3.7847,-4.2377,-4.691,-5.1409,-5.5837,-6.0155,-6.4329,-6.842,-7.2465,-7.6475,-8.0523,-8.462,-8.8569,-9.2173,-9.5526,-9.8862,-10.215,-10.539,-10.86,-11.208,-11.533,-11.761,-12.008,-12.224,-12.448,-12.418,-12.23,-11.812,-11.929,-12.113,-12.107,-12.217,-12.374,-12.568,-12.523,-12.841,-12.818,-12.744,-13.107,-12.368,-12.914,-12.59
-0.41968,-0.91019,-1.3932,-1.8692,-2.3387,-2.802,-3.2593,-3.7108,-4.1564,-4.596,-5.0294,-5.4562,-5.8773,-6.2944,-6.7064,-7.1121,-7.5127,-7.919,-8.3167,-8.6879,-9.0237,-9.3542,-9.688,-10.082,-10.479,-10.779,-10.991,-11.252,-11.488,-11.718,-11.942,-12.141,-12.333,-12.33,-12.081,-11.627,-11.8,-11.945,-12.122,-12.289,-12.455,-12.576,-12.593,-12.508,-12.808,-12.729,-12.567,-13.005,-12.829
-0.41764,-0.89445,-1.3641,-1.8271,-2.2838,-2.7346,-3.1796,-3.6189,-4.0524,-4.48,-4.9016,-5.3169,-5.7279,-6.1346,-6.5358,-6.9302,-7.3195,-7.7048,-8.083,-8.4511,-8.815,-9.1733,-9.515,-9.8357,-10.149,-10.46,-10.799,-11.108,-11.324,-11.563,-11.765,-11.99,-12.001,-12.157,-12.333,-12.006,-11.673,-11.799,-11.947,-11.899,-12.17,-12.2,-12.357,-12.529,-12.449,-12.693,-12.664,-12.489,-12.333
-0.39192,-0.87766,-1.353,-1.819,-2.2767,-2.7268,-3.1698,-3.6062,-4.0362,-4.4598,-4.8769,-5.2897,-5.6985,-6.1022,-6.4992,-6.8903,-7.2775,-7.6579,-8.028,-8.3934,-8.7535,-9.097,-9.419,-9.7332,-10.046,-10.388,-10.691,-10.903,-11.143,-11.365,-11.578,-11.747,-11.943,-11.633,-11.232,-11.269,-11.549,-11.539,-11.716,-11.87,-12.019,-12.2,-12.179,-12.505,-12.453,-12.321,-12.664,-12.489,-12.333
-0.4098,-0.87887,-1.3369,-1.7853,-2.2254,-2.658,-3.0839,-3.5036,-3.9174,-4.3254,-4.7286,-5.1293,-5.5267,-5.9188,-6.3033,-6.6839,-7.0594,-7.4269,-7.7837,-8.1325,-8.4764,-8.8176,-9.1619,-9.5036,-9.8316,-10.149,-10.481,-10.748,-10.955,-11.187,-11.402,-11.604,-11.768,-11.918,-11.611,-11.062,-11.22,-11.354,-11.522,-11.679,-11.838,-11.925,-12.078,-12.18,-12.1,-12.075,-11.621,-12.247,-11.804
-0.44784,-0.89075,-1.3291,-1.7632,-2.1933,-2.6196,-3.0423,-3.4613,-3.8774,-4.2937,-4.7086,-5.1195,-5.5238,-5.9188,-6.3029,-6.6829,-7.0586,-7.4267,-7.785,-8.1411,-8.4876,-8.8135,-9.1243,-9.4296,-9.732,-10.031,-10.327,-10.644,-10.957,-11.182,-11.355,-11.544,-11.251,-10.99,-11.078,-11.062,-11.22,-11.348,-11.504,-11.64,-11.598,-11.887,-11.831,-11.737,-12.123,-11.983,-11.665,-12.247,-11.804
-0.14254,-0.6574,-1.1527,-1.6313,-2.0954,-2.5469,-2.9874,-3.4183,-3.8403,-4.2541,-4.6601,-5.0584,-5.4489,-5.8313,-6.2095,-6.5843,-6.9522,-7.3096,-7.6578,-8.0006,-8.3402,-8.6819,-9.0227,-9.3517,-9.6658,-9.9981,-10.277,-10.479,-10.71,-10.922,-11.122,-11.282,-11.372,-10.941,-10.667,-10.693,-10.94,-11.035,-11.193,-11.348,-11.507,-11.651,-11.807,-11.797,-12.124,-11.911,-11.813,-11.989,-12.076
-0.18831,-0.67881,-1.1519,-1.6099,-2.0549,-2.4886,-2.9124,-3.3273,-3.7341,-4.1332,-4.5251,-4.9096,-5.2867,-5.6565,-6.0215,-6.3833,-6.742,-7.1026,-7.4691,-7.828,-8.1657,-8.4727,-8.7724,-9.0691,-9.3616,-9.6506,-9.9373,-10.251,-10.545,-10.743,-10.915,-10.938,-11.114,-11.279,-10.882,-10.612,-10.698,-10.861,-11.022,-11.18,-11.331,-11.471,-11.573,-11.616,-11.814,-11.683,-11.378,-11.946,-11.563
-0.23773,-0.72135,-1.1871,-1.6377,-2.0752,-2.5016,-2.9181,-3.326,-3.7259,-4.1182,-4.5033,-4.8809,-5.2515,-5.6181,-5.982,-6.3428,-6.7011,-7.0583,-7.4111,-7.7565,-8.0935,-8.4291,-8.7571,-9.0686,-9.386,-9.6984,-9.917,-10.134,-10.349,-10.552,-10.715,-10.923,-10.549,-10.486,-10.611,-10.612,-10.698,-10.861,-11.019,-11.159,-11.304,-11.217,-11.54,-11.427,-11.386,-11.703,-11.378,-11.677,-11.563
-0.3508,-0.78036,-1.2012,-1.6141,-2.0202,-2.4199,-2.814,-3.2028,-3.5867,-3.9658,-4.3404,-4.7105,-5.0807,-5.4498,-5.8135,-6.1677,-6.5081,-6.8395,-7.1665,-7.4905,-7.8156,-8.1404,-8.4551,-8.7506,-9.0345,-9.3135,-9.5996,-9.9077,-10.168,-10.349,-10.558,-10.716,-10.914,-10.598,-10.269,-10.366,-10.5,-10.659,-10.702,-10.982,-10.891,-11.024,-11.155,-11.281,-11.429,-11.36,-11.414,-11.541,-11.018
-0.38682,-0.80815,-1.2213,-1.6271,-2.0265,-2.4202,-2.8087,-3.1924,-3.5716,-3.9464,-4.3169,-4.685,-5.051,-5.414,-5.7725,-6.1248,-6.4738,-6.8191,-7.1587,-7.4902,-7.8173,-8.1418,-8.4554,-8.7537,-9.0718,-9.3505,-9.5475,-9.763,-9.969,-10.258,-10.548,-10.268,-10.425,-10.592,-10.087,-10.087,-10.258,-10.402,-10.555,-10.707,-10.857,-10.994,-11.134,-11.109,-11.422,-11.352,-11.019,-11.541,-11.018
-0.41781,-0.82743,-1.2299,-1.6262,-2.0169,-2.4028,-2.7841,-3.1613,-3.5345,-3.9039,-4.271,-4.6365,-4.9994,-5.358,-5.7101,-6.0587,-6.4038,-6.743,-7.0742,-7.401,-7.725,-8.038,-8.3322,-8.6156,-8.8943,-9.1839,-9.4909,-9.7365,-9.917,-10.122,-10.263,-10.403,-9.8132,-9.819,-10.1,-10.063,-10.229,-10.37,-10.523,-10.673,-10.8,-10.933,-10.885,-11.156,-10.926,-11.129,-11.094,-11.245,-11.322
-0.60784,-0.9484,-1.293,-1.641,-1.9919,-2.3451,-2.7,-3.0559,-3.4123,-3.7684,-4.1236,-4.4771,-4.8282,-5.1762,-5.5231,-5.8709,-6.2159,-6.5546,-6.884,-7.2021,-7.5185,-7.8302,-8.1289,-8.4224,-8.7289,-8.9672,-9.1652,-9.3507,-9.5827,-9.8718,-10.081,-10.09,-10.214,-9.6492,-9.776,-9.8884,-10.04,-10.191,-10.342,-10.474,-10.634,-10.561,-10.917,-10.775,-10.907,-11.048,-10.691,-11.301,-10.793
-0.1825,-0.62252,-1.049,-1.4636,-1.8678,-2.2628,-2.6497,-3.0292,-3.402,-3.7686,-4.1293,-4.4842,-4.8335,-5.1769,-5.5163,-5.8536,-6.187,-6.5138,-6.8329,-7.1509,-7.462,-7.7582,-8.038,-8.3117,-8.5831,-8.882,-9.1628,-9.3503,-9.5467,-9.7107,-9.8731,-9.6097,-9.3073,-9.5291,-9.4718,-9.6373,-9.7736,-9.9217,-10.068,-10.212,-10.355,-10.497,-10.618,-10.764,-10.601,-11.048,-10.691,-10.864,-10.793
-0.23376,-0.66324,-1.0802,-1.4863,-1.8827,-2.2707,-2.6511,-3.0247,-3.3919,-3.7533,-4.109,-4.459,-4.8034,-5.1442,-5.4827,-5.8169,-6.1441,-6.4625,-6.7748,-7.0831,-7.3888,-7.6966,-8.0036,-8.3016,-8.5836,-8.8834,-9.1633,-9.3503,-9.5467,-9.7107,-9.8731,-9.2725,-9.2458,-9.5434,-9.4766,-9.6373,-9.7736,-9.9217,-10.068,-10.212,-10.355,-10.497,-10.618,-10.764,-10.601,-11.048,-10.691,-10.864,-10.793
-0.33935,-0.71711,-1.0904,-1.4595,-1.8246,-2.186,-2.5436,-2.8977,-3.2482,-3.5953,-3.9388,-4.2788,-4.6162,-4.9538,-5.2894,-5.6202,-5.9434,-6.2562,-6.564,-6.8699,-7.1661,-7.4453,-7.7136,-7.9774,-8.2387,-8.4974,-8.7528,-9.0053,-9.2551,-9.5008,-9.504,-9.6035,-9.5127,-9.1999,-9.29,-9.4327,-9.5722,-9.7177,-9.8611,-10.003,-10.143,-10.281,-10.393,-10.549,-10.413,-10.774,-10.473,-10.546,-10.231
-0.34227,-0.7206,-1.0933,-1.461,-1.824,-2.1827,-2.5374,-2.8882,-3.2354,-3.5791,-3.9194,-4.2565,-4.5916,-4.9242,-5.2539,-5.5796,-5.9008,-6.2252,-6.5504,-6.8675,-7.1679,-7.4441,-7.7116,-7.9771,-8.2487,-8.5419,-8.7853,-8.9512,-9.1448,-9.2661,-9.295,-9.0544,-9.5127,-9.1999,-9.29,-9.4327,-9.5722,-9.7177,-9.8611,-10.003,-10.122,-10.284,-10.121,-10.52,-10.398,-10.491,-10.495,-10.546,-10.231
-0.34969,-0.72804,-1.1004,-1.4673,-1.8294,-2.187,-2.5405,-2.8902,-3.2364,-3.5791,-3.9185,-4.256,-4.5941,-4.9302,-5.2615,-5.5849,-5.8973,-6.2018,-6.5024,-6.8001,-7.0966,-7.3953,-7.6897,-7.9722,-8.2479,-8.541,-8.784,-8.9497,-9.1434,-9.2651,-9.3547,-8.8333,-8.9924,-8.9058,-9.0272,-9.267,-9.5258,-9.7247,-9.8315,-9.9901,-9.8925,-10.277,-10.125,-10.238,-10.318,-10.353,-10.399,-10.502,-10.568
-0.3638,-0.72191,-1.0749,-1.4235,-1.7679,-2.1086,-2.446,-2.7802,-3.1115,-3.4399,-3.7657,-4.09,-4.4127,-4.7332,-5.0506,-5.3636,-5.6755,-5.991,-6.3024,-6.6017,-6.8811,-7.142,-7.4009,-7.6568,-7.9092,-8.1587,-8.405,-8.6472,-8.8859,-9.1254,-8.6677,-8.4324,-8.8514,-8.7056,-8.8447,-8.9751,-9.1152,-9.2533,-9.3896,-9.5244,-9.6576,-9.7893,-9.9197,-10.049,-10.166,-10.271,-10.143,-10.425,-10.022
-0.35127,-0.70314,-1.0523,-1.3989,-1.7428,-2.0841,-2.4227,-2.7586,-3.0916,-3.4216,-3.7485,-4.0721,-4.3922,-4.7086,-5.021,-5.3309,-5.6386,-5.9427,-6.2416,-6.5339,-6.8242,-7.1121,-7.3917,-7.657,-7.9379,-8.209,-8.3942,-8.5705,-8.7377,-8.8877,-8.8856,-8.4351,-8.8514,-8.7056,-8.8447,-8.9751,-9.1152,-9.2533,-9.3896,-9.5244,-9.6576,-9.7893,-9.9139,-10.016,-9.9545,-10.229,-10.143,-10.056,-10.022
-0.22097,-0.60166,-0.97454,-1.3403,-1.6997,-2.0531,-2.4012,-2.7442,-3.0825,-3.4162,-3.7457,-4.0709,-4.3919,-4.7086,-5.021,-5.3354,-5.6517,-5.9617,-6.2576,-6.5311,-6.7929,-7.0526,-7.3087,-7.5616,-7.8113,-8.0675,-8.3458,-8.5836,-8.7129,-8.8552,-8.4491,-8.4311,-8.6806,-8.7023,-8.8417,-8.9751,-9.1152,-9.2533,-9.3896,-9.5244,-9.656,-9.7586,-9.8139,-9.9206,-9.9224,-9.9829,-10.108,-10.056,-10.022
-0.23863,-0.59978,-0.95401,-1.3019,-1.6442,-1.9811,-2.3132,-2.6407,-2.9639,-3.283,-3.5981,-3.9094,-4.2167,-4.5201,-4.8203,-5.1187,-5.4143,-5.7057,-5.9915,-6.2726,-6.5531,-6.828,-7.0919,-7.3416,-7.5848,-7.8243,-8.0671,-8.3199,-8.5516,-8.6749,-8.2995,-8.232,-8.2234,-8.3461,-8.395,-8.6068,-8.8527,-9.064,-9.1847,-9.3222,-9.4579,-9.587,-9.6998,-9.8187,-9.6694,-10.078,-9.7888,-9.8697,-9.8137
-0.21554,-0.5846,-0.94485,-1.2972,-1.6426,-1.9817,-2.315,-2.6432,-2.9666,-3.2855,-3.6003,-3.9109,-4.2176,-4.5202,-4.8198,-5.118,-5.4137,-5.7055,-5.9914,-6.2726,-6.5531,-6.828,-7.0919,-7.3523,-7.6298,-7.8577,-8.0101,-8.1898,-8.3203,-8.465,-7.8803,-8.2112,-8.1356,-8.2649,-8.3975,-8.5321,-8.6577,-8.868,-9.107,-9.317,-9.3065,-9.5077,-9.4478,-9.5685,-9.6656,-9.7452,-9.8245,-9.8697,-9.8137
-0.2555,-0.61591,-0.96829,-1.3135,-1.6524,-1.9855,-2.3134,-2.6366,-2.9553,-3.2699,-3.5805,-3.8873,-4.1901,-4.4907,-4.7897,-5.0857,-5.3771,-5.6621,-5.9449,-6.2253,-6.4979,-6.7568,-7.0045,-7.2473,-7.488,-7.7546,-8.0117,-8.1895,-8.2667,-8.0867,-7.87,-8.3759,-8.1356,-8.2649,-8.3913,-8.5259,-8.6585,-8.7894,-8.9187,-9.0465,-9.1729,-9.298,-9.4217,-9.5129,-9.6619,-9.5836,-9.8071,-9.7618,-9.8137
-0.31881,-0.6562,-0.99019,-1.3209,-1.6486,-1.9733,-2.2951,-2.6141,-2.9303,-3.2438,-3.5546,-3.8628,-4.1712,-4.4788,-4.7836,-5.0836,-5.3771,-5.6621,-5.9443,-6.2248,-6.4976,-6.7568,-7.0045,-7.2473,-7.4877,-7.7432,-7.9913,-8.1898,-8.0753,-8.0867,-7.87,-8.1358,-8.1309,-8.262,-8.3913,-8.5259,-8.6585,-8.7894,-8.9187,-9.0465,-9.1729,-9.298,-9.4217,-9.5129,-9.6619,-9.5836,-9.8071,-9.7618,-9.8137
-0.31284,-0.64742,-0.97543,-1.2976,-1.6147,-1.9273,-2.2357,-2.5404,-2.8415,-3.1394,-3.4341,-3.7257,-4.0153,-4.3046,-4.592,-4.8759,-5.154,-5.4254,-5.6927,-5.9569,-6.2189,-6.4937,-6.8002,-7.0955,-7.3332,-7.4713,-7.6409,-7.7893,-7.9445,-7.785,-8.2001,-7.7168,-7.9024,-8.0302,-8.1978,-8.3447,-8.4747,-8.6032,-8.7299,-8.8551,-8.9789,-9.1013,-9.2224,-9.3068,-9.3963,-9.4191,-9.4682,-9.5523,-9.6049
-0.32603,-0.64795,-0.96616,-1.281,-1.5927,-1.9016,-2.2078,-2.5115,-2.8129,-3.1121,-3.4092,-3.7064,-4.0035,-4.2986,-4.5901,-4.8759,-5.1542,-5.4272,-5.6999,-5.967,-6.2232,-6.4659,-6.7029,-6.9365,-7.184,-7.4454,-7.6552,-7.7705,-7.9405,-7.3082,-8.197,-7.591,-7.7055,-7.819,-8.0329,-8.2784,-8.4802,-8.5908,-8.7277,-8.8551,-8.9789,-9.1013,-9.2224,-9.3068,-9.3963,-9.4191,-9.4682,-9.5523,-9.6049
-0.30717,-0.62644,-0.9433,-1.2578,-1.57,-1.8798,-2.1874,-2.4925,-2.7952,-3.0954,-3.3931,-3.6881,-3.9804,-4.2697,-4.556,-4.8395,-5.1261,-5.4136,-5.6963,-5.9683,-6.2242,-6.4642,-6.7016,-6.9364,-7.1799,-7.4327,-7.6465,-7.7469,-7.7099,-7.3082,-7.891,-7.5837,-7.6947,-7.8302,-7.9443,-8.0969,-8.326,-8.5628,-8.7381,-8.8422,-8.9785,-9.0727,-9.2233,-9.1354,-9.3718,-9.3034,-9.3829,-9.4938,-9.6049
0.0028198,-0.3875,-0.76233,-1.1236,-1.4732,-1.8124,-2.1426,-2.4648,-2.7798,-3.0884,-3.391,-3.6878,-3.9792,-4.2652,-4.5455,-4.8201,-5.0899,-5.3566,-5.6209,-5.883,-6.1465,-6.4096,-6.6669,-6.9132,-7.1542,-7.4013,-7.621,-7.6715,-7.5227,-7.3496,-7.6031,-7.5557,-7.679,-7.8033,-7.9321,-8.0588,-8.1839,-8.3075,-8.4296,-8.5503,-8.6696,-8.787,-8.8891,-9.0114,-8.9036,-9.1667,-9.0664,-9.3894,-9.2521
-0.29444,-0.6005,-0.90426,-1.2057,-1.5049,-1.8019,-2.0966,-2.3889,-2.6789,-2.9665,-3.2515,-3.534,-3.8137,-4.0907,-4.3647,-4.641,-4.9189,-5.1933,-5.459,-5.711,-5.9462,-6.1769,-6.4055,-6.6376,-6.8942,-7.1206,-7.2558,-7.3877,-7.2963,-7.5496,-7.2519,-7.3489,-7.4805,-7.642,-7.7764,-7.9012,-8.0241,-8.1453,-8.2651,-8.3835,-8.5005,-8.6163,-8.7309,-8.8443,-8.9567,-9.068,-9.1783,-9.2877,-9.3961
-0.05841,-0.42782,-0.7823,-1.1239,-1.4543,-1.775,-2.0873,-2.3921,-2.6903,-2.9826,-3.2693,-3.5507,-3.8269,-4.098,-4.3638,-4.6256,-4.8852,-5.1429,-5.3982,-5.6538,-5.9097,-6.1609,-6.4026,-6.6386,-6.8952,-7.1209,-7.2525,-7.37,-6.7898,-7.5496,-7.0618,-7.1355,-7.2787,-7.504,-7.7385,-7.9091,-8.0122,-8.1453,-8.2651,-8.3835,-8.5005,-8.6163,-8.7309,-8.8443,-8.9567,-9.068,-9.1783,-9.2877,-9.3961
-0.24996,-0.56611,-0.87734,-1.184,-1.4865,-1.7852,-2.0801,-2.3717,-2.66,-2.9452,-3.2273,-3.5065,-3.7827,-4.0562,-4.3284,-4.5987,-4.8661,-5.1296,-5.3881,-5.6443,-5.8997,-6.1501,-6.3914,-6.6245,-6.8713,-7.0969,-7.2482,-7.2023,-6.7667,-7.4155,-7.0428,-7.1305,-7.2654,-7.4869,-7.7227,-7.9002,-8.0023,-8.1357,-8.2554,-8.3737,-8.4906,-8.6062,-8.7207,-8.8097,-8.9047,-8.8078,-8.8661,-9.1796,-9.0594
-0.24886,-0.56771,-0.88072,-1.1885,-1.4914,-1.79,-2.0847,-2.3757,-2.6633,-2.9477,-3.229,-3.5074,-3.7829,-4.057,-4.3348,-4.6121,-4.8837,-5.1444,-5.3888,-5.6218,-5.8529,-6.0813,-6.3349,-6.5805,-6.7456,-6.8704,-6.9936,-7.0077,-6.7791,-7.0043,-7.0226,-7.1296,-7.2662,-7.367,-7.5436,-7.7754,-7.996,-8.1385,-8.2455,-8.3737,-8.4906,-8.6062,-8.7207,-8.8097,-8.9047,-8.8078,-8.8661,-9.1796,-9.0594
-0.25848,-0.55803,-0.8533,-1.1446,-1.4323,-1.7166,-1.9977,-2.2758,-2.5509,-2.8233,-3.093,-3.36,-3.6246,-3.888,-4.1495,-4.4084,-4.6638,-4.9145,-5.1626,-5.4102,-5.6537,-5.8892,-6.1154,-6.3629,-6.595,-6.7484,-6.8536,-6.7762,-6.9513,-6.7466,-6.8802,-6.9805,-7.1005,-7.2298,-7.334,-7.473,-7.6844,-7.9091,-8.0874,-8.1843,-8.3082,-8.4242,-8.5362,-8.6141,-8.7388,-8.6653,-8.9775,-8.8316,-8.8666
-0.28008,-0.57871,-0.87249,-1.1619,-1.4474,-1.7293,-2.008,-2.2838,-2.5568,-2.8272,-3.0951,-3.3605,-3.6239,-3.8867,-4.1481,-4.4075,-4.6634,-4.9145,-5.1626,-5.4102,-5.6537,-5.8892,-6.1154,-6.3629,-6.595,-6.7484,-6.8536,-6.7762,-6.493,-6.7466,-6.9268,-7.0212,-7.1033,-7.2202,-7.3399,-7.469,-7.5621,-7.7276,-7.9455,-8.1611,-8.3196,-8.3882,-8.5075,-8.4105,-8.763,-8.6005,-8.6622,-8.7642,-8.8666
-0.29109,-0.57935,-0.86497,-1.1481,-1.429,-1.7077,-1.9844,-2.2591,-2.532,-2.803,-3.0724,-3.3416,-3.6108,-3.8788,-4.1444,-4.4063,-4.6635,-4.9146,-5.1621,-5.4096,-5.6533,-5.8891,-6.1147,-6.3534,-6.5797,-6.7493,-6.7214,-6.7556,-6.4879,-6.5123,-6.5876,-6.7695,-7.0016,-7.2129,-7.3341,-7.451,-7.5723,-7.6865,-7.7994,-7.911,-8.0213,-8.1305,-8.2386,-8.3456,-8.4517,-8.5567,-8.6609,-8.7642,-8.8666
-0.17442,-0.4818,-0.78363,-1.0804,-1.3724,-1.66,-1.9435,-2.2232,-2.4992,-2.7715,-3.0404,-3.3058,-3.5678,-3.8261,-4.0809,-4.3318,-4.5791,-4.8263,-5.0713,-5.3103,-5.5396,-5.7744,-6.0217,-6.217,-6.328,-6.4872,-6.3609,-6.2319,-6.4469,-6.4654,-6.5501,-6.6973,-6.9175,-7.1422,-7.3024,-7.4,-7.5262,-7.6397,-7.752,-7.8629,-7.9726,-8.0811,-8.1747,-8.2974,-8.1847,-8.4724,-8.3178,-8.6712,-8.4816
-0.02327,-0.36312,-0.69162,-1.0101,-1.3196,-1.6212,-1.9157,-2.2039,-2.4863,-2.7635,-3.0359,-3.3037,-3.5672,-3.8264,-4.0814,-4.3321,-4.5789,-4.8257,-5.0707,-5.31,-5.5396,-5.7744,-6.0217,-6.217,-6.3134,-6.4301,-6.3548,-6.2281,-6.3303,-6.4466,-6.5501,-6.6973,-6.9175,-7.1422,-7.3024,-7.4,-7.5262,-7.6397,-7.752,-7.8629,-7.9726,-8.0811,-8.1747,-8.2974,-8.1847,-8.4724,-8.3178,-8.6712,-8.4816
-0.40796,-0.65594,-0.90578,-1.1572,-1.4099,-1.6636,-1.9181,-2.1729,-2.4278,-2.6825,-2.9366,-3.1898,-3.4418,-3.6921,-3.9404,-4.1878,-4.4388,-4.6903,-4.9383,-5.179,-5.4091,-5.626,-5.8639,-6.0952,-6.2557,-6.3429,-6.0184,-6.5197,-6.2619,-6.3431,-6.4547,-6.5721,-6.6942,-6.7935,-6.9778,-7.1988,-7.3985,-7.5189,-7.6221,-7.7397,-7.8477,-7.9545,-8.0602,-8.1649,-8.2685,-8.3712,-8.473,-8.5738,-8.6739
-0.087895,-0.40345,-0.70946,-1.007,-1.297,-1.5803,-1.8576,-2.1294,-2.3963,-2.6587,-2.9169,-3.171,-3.4212,-3.6675,-3.91,-4.1486,-4.3841,-4.6173,-4.8485,-5.0778,-5.3177,-5.5793,-5.8359,-6.0608,-6.2279,-5.782,-6.4067,-6.3458,-6.3695,-6.3948,-6.4414,-6.5366,-6.6652,-6.7533,-6.9129,-7.1265,-7.3377,-7.4902,-7.5797,-7.7002,-7.8079,-7.9138,-8.0035,-8.1189,-7.9845,-8.2692,-8.1349,-8.4765,-8.3049
-0.087895,-0.40345,-0.70946,-1.007,-1.297,-1.5803,-1.8576,-2.1294,-2.3963,-2.6587,-2.9169,-3.171,-3.4212,-3.6675,-3.91,-4.1491,-4.3885,-4.6259,-4.8578,-5.0804,-5.3075,-5.5439,-5.7344,-5.8193,-5.7554,-5.6317,-6.4067,-6.3458,-6.3695,-6.3948,-6.4414,-6.5366,-6.6535,-6.768,-6.8809,-6.9823,-7.1652,-7.381,-7.578,-7.7041,-7.7975,-7.9138,-8.0035,-8.1189,-7.9845,-8.2692,-8.1349,-8.4765,-8.3049
-0.26099,-0.53259,-0.80219,-1.0698,-1.3355,-1.5992,-1.861,-2.1207,-2.3785,-2.6341,-2.8877,-3.1392,-3.3884,-3.6354,-3.8843,-4.1349,-4.3833,-4.6261,-4.8598,-5.081,-5.3083,-5.5498,-5.7392,-5.8433,-5.9919,-5.7071,-6.0861,-5.8402,-5.9369,-6.048,-6.2495,-6.4751,-6.657,-6.7567,-6.8803,-6.9823,-7.1652,-7.381,-7.578,-7.7041,-7.7844,-7.9173,-7.84,-8.0884,-7.975,-8.257,-8.1144,-8.2423,-8.3049
-0.1561,-0.44872,-0.73296,-1.0098,-1.2802,-1.5448,-1.8043,-2.0591,-2.3098,-2.5566,-2.7998,-3.0396,-3.2759,-3.5089,-3.7387,-3.9663,-4.1923,-4.4168,-4.6392,-4.8765,-5.1352,-5.3866,-5.6024,-5.7547,-5.6788,-5.9666,-5.712,-6.0197,-5.8195,-5.928,-6.0226,-6.2059,-6.4237,-6.6158,-6.7237,-6.8311,-6.9424,-7.0471,-7.1602,-7.2919,-7.4218,-7.5284,-7.5904,-7.8866,-7.7864,-8.0472,-7.9389,-8.0675,-8.1282
-0.1561,-0.44872,-0.73296,-1.0098,-1.2802,-1.5448,-1.8043,-2.0591,-2.3098,-2.5566,-2.7998,-3.0396,-3.2759,-3.5089,-3.7387,-3.9663,-4.1923,-4.4168,-4.6392,-4.8765,-5.1352,-5.3866,-5.6024,-5.7547,-5.6788,-5.9666,-5.712,-6.0197,-5.8195,-5.928,-6.0226,-6.2059,-6.4237,-6.6158,-6.7237,-6.8311,-6.9424,-7.047,-7.1505,-7.2527,-7.3538,-7.4539,-7.5529,-7.651,-7.7481,-7.8443,-7.9397,-8.0344,-8.1282
-0.24133,-0.5059,-0.76735,-1.0259,-1.2817,-1.535,-1.7858,-2.0344,-2.2807,-2.5249,-2.7671,-3.0073,-3.246,-3.4873,-3.7292,-3.9686,-4.2024,-4.4274,-4.6406,-4.8624,-5.0906,-5.2687,-5.3057,-5.1268,-5.5739,-5.227,-5.8313,-5.8365,-5.8538,-5.9149,-6.0402,-6.1257,-6.2669,-6.4706,-6.6814,-6.8443,-6.9308,-7.046,-7.1505,-7.2527,-7.3538,-7.4539,-7.5529,-7.651,-7.7481,-7.8443,-7.9397,-8.0344,-8.1282
-0.25011,-0.5145,-0.77547,-1.0333,-1.2882,-1.5405,-1.7904,-2.0379,-2.2833,-2.5267,-2.7681,-3.0076,-3.2458,-3.4867,-3.7285,-3.968,-4.202,-4.4273,-4.6406,-4.8659,-5.0994,-5.2732,-5.3682,-5.4387,-5.5739,-5.2134,-5.3656,-5.5754,-5.7816,-5.9249,-6.0274,-6.1257,-6.2669,-6.4706,-6.6814,-6.8443,-6.9308,-7.046,-7.1505,-7.2527,-7.3538,-7.4539,-7.5529,-7.651,-7.7481,-7.8443,-7.9397,-8.0344,-8.1282
-0.25782,-0.51246,-0.76421,-1.0133,-1.26,-1.5044,-1.7468,-1.9872,-2.2257,-2.4626,-2.6977,-2.9317,-3.165,-3.3969,-3.627,-3.8545,-4.0785,-4.3045,-4.56,-4.8213,-5.056,-5.2313,-5.3212,-5.4525,-5.0728,-5.5949,-5.2765,-5.4603,-5.672,-5.8544,-5.9563,-6.0768,-6.1676,-6.3347,-6.5431,-6.7407,-6.8752,-6.9608,-7.0739,-7.1751,-7.2752,-7.3741,-7.4644,-7.5537,-7.487,-7.7319,-7.5778,-7.9494,-7.711
